Job Title,Skills,Experience,Degree,Industry,Location
Data Scientist,"Deep Learning,Python,Pandas,Statistics,TensorFlow,NumPy,Machine Learning,Scikit-learn,SQL,Data Visualization",4,Master,Technology,Chicago
Data Scientist,"NumPy,Deep Learning,TensorFlow,Scikit-learn,Data Visualization,Statistics,Python,Machine Learning,SQL,Pandas",0,Master,Technology,Chicago
Data Scientist,"Machine Learning,Scikit-learn,Data Visualization,SQL,Statistics,Pandas,TensorFlow",6,Master,Technology,Delhi
Data Scientist,"SQL,Scikit-learn,NumPy,Statistics,Pandas,TensorFlow,Python,Machine Learning",4,Master,Technology,Mumbai
Data Scientist,"Pandas,Python,Data Visualization,TensorFlow,Deep Learning,NumPy",0,Master,Technology,Pune
Data Scientist,"Data Visualization,Deep Learning,Statistics,Pandas,Python,NumPy,TensorFlow,Machine Learning",0,Master,Technology,Chennai
Data Scientist,"Data Visualization,Statistics,Machine Learning,NumPy,Scikit-learn,TensorFlow,SQL",6,Master,Technology,Coimbatore
Data Scientist,"TensorFlow,Machine Learning,Data Visualization,Deep Learning,Statistics",5,Master,Technology,Los Angeles
Data Scientist,"SQL,Python,Machine Learning,Statistics,Pandas,NumPy,Scikit-learn,Deep Learning",0,Master,Technology,New York
Data Scientist,"Machine Learning,Python,Statistics,NumPy,Data Visualization,Scikit-learn,Pandas,TensorFlow,Deep Learning,SQL",1,Master,Technology,Kolkata
Data Scientist,"Pandas,NumPy,Deep Learning,Data Visualization,Statistics,SQL",3,Master,Technology,Los Angeles
Data Scientist,"Statistics,Pandas,TensorFlow,Data Visualization,Scikit-learn,Machine Learning,Python,NumPy",5,Master,Technology,Los Angeles
Data Scientist,"Deep Learning,Data Visualization,Pandas,TensorFlow,SQL,NumPy",1,Master,Technology,Boston
Data Scientist,"Machine Learning,Deep Learning,Statistics,SQL,TensorFlow",0,Master,Technology,Noida
Data Scientist,"Deep Learning,TensorFlow,Statistics,Scikit-learn,NumPy,Pandas,SQL,Python",4,Master,Technology,Atlanta
Data Scientist,"Machine Learning,Python,SQL,Data Visualization,Pandas",0,Master,Technology,Remote
Data Scientist,"NumPy,Statistics,Data Visualization,TensorFlow,SQL,Python,Scikit-learn,Deep Learning,Machine Learning,Pandas",5,Master,Technology,Pune
Data Scientist,"Statistics,Python,NumPy,Deep Learning,SQL",1,Master,Technology,Boston
Data Scientist,"TensorFlow,Statistics,NumPy,Python,Data Visualization",2,Master,Technology,Los Angeles
Data Scientist,"Scikit-learn,Pandas,Python,Statistics,TensorFlow,Deep Learning,SQL,Machine Learning,NumPy,Data Visualization",2,Master,Technology,Gurgaon
Data Scientist,"TensorFlow,Scikit-learn,Python,NumPy,Machine Learning,Pandas,Deep Learning,Data Visualization,SQL,Statistics",4,Master,Technology,Noida
Data Scientist,"Statistics,Deep Learning,SQL,Python,TensorFlow,Scikit-learn",5,Master,Technology,Atlanta
Data Scientist,"Data Visualization,Scikit-learn,SQL,Deep Learning,Python,Machine Learning,Statistics,NumPy,Pandas,TensorFlow",1,Master,Technology,Gurgaon
Data Scientist,"Machine Learning,Data Visualization,Scikit-learn,NumPy,Statistics,Python,Pandas,Deep Learning,TensorFlow,SQL",1,Master,Technology,Chennai
Data Scientist,"Scikit-learn,Data Visualization,NumPy,TensorFlow,Pandas,Python,Machine Learning,Statistics,Deep Learning,SQL",1,Master,Technology,Chennai
Data Scientist,"Scikit-learn,Deep Learning,Python,Pandas,SQL",4,Master,Technology,San Francisco
Data Scientist,"Machine Learning,Python,Pandas,TensorFlow,Data Visualization,Scikit-learn,NumPy,Deep Learning,Statistics,SQL",3,Master,Technology,Delhi
Data Scientist,"Data Visualization,TensorFlow,Machine Learning,Python,Deep Learning,Scikit-learn",3,Master,Technology,Kolkata
Data Scientist,"Pandas,Deep Learning,SQL,NumPy,TensorFlow,Statistics,Scikit-learn,Python,Machine Learning,Data Visualization",3,Master,Technology,Gurgaon
Data Scientist,"Data Visualization,TensorFlow,Statistics,Scikit-learn,NumPy,Deep Learning",3,Master,Technology,Delhi
Data Scientist,"Python,Deep Learning,SQL,Scikit-learn,NumPy,Statistics",6,Master,Technology,San Francisco
Data Scientist,"Scikit-learn,Pandas,SQL,Statistics,Python,Machine Learning,TensorFlow,NumPy,Data Visualization,Deep Learning",6,Master,Technology,Denver
Data Scientist,"SQL,NumPy,Scikit-learn,Data Visualization,Pandas,Deep Learning",2,Master,Technology,Los Angeles
Data Scientist,"Python,Statistics,SQL,Machine Learning,Scikit-learn,Pandas,NumPy,Data Visualization",3,Master,Technology,Gurgaon
Data Scientist,"Python,Pandas,SQL,Statistics,Machine Learning,Scikit-learn,NumPy,Deep Learning,Data Visualization,TensorFlow",1,Master,Technology,Los Angeles
Data Scientist,"Python,Data Visualization,Pandas,TensorFlow,NumPy,Statistics,SQL,Scikit-learn",6,Master,Technology,Gurgaon
Data Scientist,"SQL,Data Visualization,Scikit-learn,Deep Learning,Pandas,Statistics,Machine Learning,NumPy",4,Master,Technology,San Francisco
Data Scientist,"Scikit-learn,SQL,Pandas,Statistics,Machine Learning,Data Visualization,NumPy,Deep Learning,TensorFlow,Python",2,Master,Technology,Delhi
Data Scientist,"Deep Learning,Data Visualization,SQL,Pandas,Scikit-learn,Machine Learning,Python",4,Master,Technology,Los Angeles
Data Scientist,"TensorFlow,Data Visualization,NumPy,Python,Machine Learning,Deep Learning",5,Master,Technology,Denver
Data Scientist,"Deep Learning,Python,Scikit-learn,Machine Learning,Pandas,TensorFlow,Statistics",5,Master,Technology,Mumbai
Data Scientist,"Machine Learning,TensorFlow,Data Visualization,Statistics,NumPy,Pandas,Scikit-learn,Python,SQL",1,Master,Technology,Boston
Data Scientist,"Data Visualization,Scikit-learn,TensorFlow,Deep Learning,Pandas,SQL,Machine Learning,Statistics,Python,NumPy",2,Master,Technology,Denver
Data Scientist,"Deep Learning,SQL,TensorFlow,Pandas,Python,Machine Learning",3,Master,Technology,Austin
Data Scientist,"Statistics,Data Visualization,Python,NumPy,TensorFlow,Pandas,Scikit-learn,Machine Learning,SQL",3,Master,Technology,Hyderabad
Data Scientist,"Machine Learning,Pandas,SQL,Deep Learning,Statistics,TensorFlow,Scikit-learn,Python,Data Visualization",1,Master,Technology,Los Angeles
Data Scientist,"Python,TensorFlow,NumPy,Data Visualization,Pandas,SQL",5,Master,Technology,Austin
Data Analyst,"R,SQL,Excel,Pandas,Python,Tableau",6,Bachelor,Finance,Chennai
Data Analyst,"Statistics,Pandas,R,Data Visualization,Python,Power BI,Excel,SQL",1,Bachelor,Finance,Boston
Data Analyst,"Data Visualization,SQL,Excel,Python,Tableau",0,Bachelor,Finance,Remote
Data Analyst,"Pandas,Power BI,SQL,Excel,R,Python",1,Bachelor,Finance,New York
Data Analyst,"Excel,Power BI,SQL,Pandas,Statistics",5,Bachelor,Finance,Seattle
Data Analyst,"Excel,R,Power BI,Data Visualization,Tableau",1,Bachelor,Finance,Austin
Data Analyst,"Python,Power BI,Excel,Tableau,Statistics,Data Visualization",5,Bachelor,Finance,Noida
Data Analyst,"Python,Tableau,Excel,Pandas,Power BI,R,Statistics",4,Bachelor,Finance,Boston
Data Analyst,"Statistics,Excel,SQL,Tableau,R",1,Bachelor,Finance,Mumbai
Data Analyst,"Statistics,Pandas,SQL,Excel,R,Data Visualization,Python,Power BI",6,Bachelor,Finance,Bangalore
Data Analyst,"Power BI,SQL,Data Visualization,Statistics,Python,Tableau,Excel",6,Bachelor,Finance,San Francisco
Data Analyst,"R,SQL,Power BI,Tableau,Excel,Pandas",0,Bachelor,Finance,Delhi
Data Analyst,"Python,Tableau,R,SQL,Pandas,Excel,Power BI,Data Visualization,Statistics",4,Bachelor,Finance,Delhi
Data Analyst,"Python,Power BI,Excel,R,Pandas,Tableau,SQL,Statistics,Data Visualization",2,Bachelor,Finance,Denver
Data Analyst,"Data Visualization,Excel,SQL,R,Tableau",6,Bachelor,Finance,Gurgaon
Data Analyst,"SQL,Pandas,Excel,Data Visualization,Statistics,R",6,Bachelor,Finance,Chicago
Data Analyst,"Python,Tableau,Data Visualization,Excel,SQL,Pandas,Statistics,Power BI,R",5,Bachelor,Finance,Kolkata
Data Analyst,"Power BI,Data Visualization,SQL,Excel,Python,Pandas,Statistics,Tableau,R",0,Bachelor,Finance,Mumbai
Data Analyst,"Pandas,Tableau,SQL,Data Visualization,Python",4,Bachelor,Finance,Delhi
Data Analyst,"Python,Data Visualization,R,Statistics,Tableau,Power BI,Excel",0,Bachelor,Finance,Coimbatore
Data Analyst,"SQL,Pandas,R,Python,Statistics,Data Visualization,Tableau,Power BI",3,Bachelor,Finance,Atlanta
Data Analyst,"Excel,Tableau,SQL,R,Data Visualization,Python",4,Bachelor,Finance,Los Angeles
Data Analyst,"Tableau,Excel,Python,R,Statistics,SQL,Power BI,Data Visualization",5,Bachelor,Finance,Boston
Data Analyst,"Power BI,Python,SQL,Tableau,Pandas,R",6,Bachelor,Finance,Chennai
Data Analyst,"SQL,Excel,Pandas,Python,Statistics",4,Bachelor,Finance,Delhi
Data Analyst,"Data Visualization,Python,Power BI,Statistics,R",4,Bachelor,Finance,New York
Data Analyst,"Statistics,Pandas,SQL,R,Power BI",2,Bachelor,Finance,Kolkata
Data Analyst,"SQL,R,Statistics,Python,Tableau,Excel,Power BI",1,Bachelor,Finance,Chennai
Data Analyst,"Python,Tableau,R,Statistics,Power BI",2,Bachelor,Finance,Austin
Data Analyst,"Power BI,Tableau,Excel,Pandas,Statistics",6,Bachelor,Finance,Bangalore
Data Analyst,"Data Visualization,Excel,Power BI,SQL,Statistics",2,Bachelor,Finance,New York
Data Analyst,"Python,Excel,Power BI,SQL,R,Pandas,Tableau",5,Bachelor,Finance,San Francisco
Data Analyst,"Statistics,R,Python,Data Visualization,Tableau,Power BI,SQL",5,Bachelor,Finance,Mumbai
Data Analyst,"Excel,Statistics,Data Visualization,Tableau,Power BI,Pandas,SQL",3,Bachelor,Finance,New York
Data Analyst,"Power BI,Data Visualization,Python,R,Tableau,Excel,Statistics,Pandas",3,Bachelor,Finance,Austin
Data Analyst,"Power BI,Statistics,SQL,Pandas,Data Visualization,Excel,Tableau,R,Python",4,Bachelor,Finance,Delhi
Data Analyst,"Statistics,Data Visualization,Excel,Python,Power BI,R",3,Bachelor,Finance,Pune
Data Analyst,"Python,Power BI,R,Excel,Data Visualization",3,Bachelor,Finance,Austin
Data Analyst,"Pandas,R,Statistics,Power BI,Data Visualization,Tableau",5,Bachelor,Finance,Pune
Data Analyst,"Statistics,Tableau,Python,Power BI,Excel,R,Data Visualization,SQL,Pandas",6,Bachelor,Finance,Kolkata
Data Analyst,"Statistics,R,Python,Power BI,Pandas,Tableau,Excel,SQL,Data Visualization",5,Bachelor,Finance,Chennai
Data Analyst,"Statistics,Pandas,Data Visualization,Python,Excel,Power BI",6,Bachelor,Finance,Chennai
Data Analyst,"R,Power BI,Data Visualization,Excel,Python,SQL,Statistics,Tableau,Pandas",1,Bachelor,Finance,Kolkata
Data Analyst,"Statistics,Tableau,Excel,Python,R,Data Visualization,Pandas,SQL",3,Bachelor,Finance,Delhi
Data Analyst,"Tableau,Power BI,Data Visualization,Excel,Python,SQL,Pandas,Statistics,R",0,Bachelor,Finance,Coimbatore
Data Analyst,"SQL,Python,Data Visualization,Power BI,Statistics,Pandas,Excel",2,Bachelor,Finance,Austin
Data Analyst,"Data Visualization,Tableau,SQL,Statistics,Pandas,R,Excel",3,Bachelor,Finance,Bangalore
Data Analyst,"R,SQL,Data Visualization,Statistics,Pandas",6,Bachelor,Finance,Delhi
Data Analyst,"R,Excel,SQL,Power BI,Data Visualization,Pandas",0,Bachelor,Finance,Los Angeles
Data Analyst,"Tableau,SQL,Data Visualization,R,Python",1,Bachelor,Finance,Pune
Data Analyst,"Data Visualization,Pandas,Statistics,Tableau,Python",6,Bachelor,Finance,Austin
Data Analyst,"Power BI,Python,SQL,Tableau,Statistics,Data Visualization",5,Bachelor,Finance,Noida
Data Analyst,"SQL,Pandas,Tableau,Excel,R,Statistics,Power BI",4,Bachelor,Finance,San Francisco
Data Analyst,"Pandas,Excel,Tableau,Python,Statistics,SQL",3,Bachelor,Finance,Coimbatore
Data Analyst,"Data Visualization,R,Excel,Python,Statistics",0,Bachelor,Finance,Noida
Data Analyst,"Power BI,Pandas,R,Data Visualization,Python,SQL,Excel,Statistics,Tableau",6,Bachelor,Finance,Gurgaon
Data Analyst,"Power BI,SQL,Excel,Pandas,R",0,Bachelor,Finance,Delhi
Data Analyst,"R,Python,Tableau,Power BI,Pandas",4,Bachelor,Finance,Bangalore
Data Analyst,"SQL,Data Visualization,Pandas,R,Tableau,Statistics",4,Bachelor,Finance,Gurgaon
Data Analyst,"Data Visualization,Excel,Tableau,Python,SQL,Power BI",4,Bachelor,Finance,Chennai
Data Analyst,"Power BI,Tableau,Excel,Pandas,Python,Data Visualization,R,Statistics,SQL",1,Bachelor,Finance,Boston
Data Analyst,"Pandas,Tableau,Python,SQL,Excel",3,Bachelor,Finance,Austin
Machine Learning Engineer,"Python,AWS,Deep Learning,Kubernetes,MLflow,Machine Learning,Docker,PyTorch,TensorFlow,Scikit-learn",3,Master,Technology,Delhi
Machine Learning Engineer,"AWS,Python,MLflow,Scikit-learn,Machine Learning,Kubernetes,TensorFlow,Deep Learning",6,Master,Technology,New York
Machine Learning Engineer,"MLflow,PyTorch,Docker,Scikit-learn,Kubernetes",5,Master,Technology,Delhi
Machine Learning Engineer,"PyTorch,AWS,Machine Learning,MLflow,Python,Kubernetes,Scikit-learn",4,Master,Technology,Mumbai
Machine Learning Engineer,"TensorFlow,Scikit-learn,Docker,PyTorch,Deep Learning,MLflow",5,Master,Technology,Austin
Machine Learning Engineer,"AWS,Scikit-learn,PyTorch,Python,Docker,TensorFlow,Machine Learning,Kubernetes,MLflow,Deep Learning",2,Master,Technology,Noida
Machine Learning Engineer,"Kubernetes,Docker,AWS,PyTorch,Python,Scikit-learn,TensorFlow,MLflow,Deep Learning",2,Master,Technology,Chennai
Machine Learning Engineer,"Scikit-learn,Kubernetes,PyTorch,TensorFlow,Docker,Machine Learning,Python",2,Master,Technology,Kolkata
Machine Learning Engineer,"MLflow,TensorFlow,PyTorch,Kubernetes,Scikit-learn,Python",0,Master,Technology,Seattle
Machine Learning Engineer,"Kubernetes,Python,PyTorch,Scikit-learn,Docker",2,Master,Technology,New York
Machine Learning Engineer,"Machine Learning,AWS,Python,Docker,MLflow,TensorFlow,PyTorch",4,Master,Technology,Delhi
Machine Learning Engineer,"PyTorch,Python,Machine Learning,Scikit-learn,MLflow",3,Master,Technology,Boston
Machine Learning Engineer,"AWS,Machine Learning,MLflow,Deep Learning,TensorFlow,Docker,Python,Scikit-learn,PyTorch",5,Master,Technology,New York
Machine Learning Engineer,"Docker,MLflow,Deep Learning,Machine Learning,Scikit-learn,Kubernetes",5,Master,Technology,Gurgaon
Machine Learning Engineer,"Deep Learning,MLflow,Scikit-learn,AWS,TensorFlow,Docker",3,Master,Technology,Atlanta
Machine Learning Engineer,"AWS,TensorFlow,Scikit-learn,Deep Learning,Python,MLflow,Docker,Machine Learning",0,Master,Technology,Austin
Machine Learning Engineer,"TensorFlow,AWS,MLflow,Python,Deep Learning,PyTorch,Scikit-learn,Kubernetes",2,Master,Technology,Remote
Machine Learning Engineer,"Docker,Kubernetes,PyTorch,Machine Learning,MLflow,AWS",4,Master,Technology,Gurgaon
Machine Learning Engineer,"Deep Learning,MLflow,Scikit-learn,Python,Docker",6,Master,Technology,Gurgaon
Machine Learning Engineer,"TensorFlow,Deep Learning,MLflow,Kubernetes,Python,AWS,Docker,PyTorch",6,Master,Technology,Coimbatore
Machine Learning Engineer,"TensorFlow,Docker,Python,Deep Learning,AWS,Scikit-learn,MLflow",3,Master,Technology,Delhi
Machine Learning Engineer,"MLflow,Deep Learning,AWS,Python,TensorFlow,Docker,Kubernetes,Machine Learning,Scikit-learn",1,Master,Technology,Chennai
Machine Learning Engineer,"Python,Machine Learning,Docker,TensorFlow,Deep Learning,Kubernetes,Scikit-learn,PyTorch,AWS,MLflow",4,Master,Technology,San Francisco
Machine Learning Engineer,"Docker,Deep Learning,Kubernetes,Scikit-learn,PyTorch,Python,AWS,TensorFlow,MLflow",1,Master,Technology,Pune
Machine Learning Engineer,"Scikit-learn,AWS,Python,Kubernetes,Docker,Deep Learning,PyTorch",6,Master,Technology,Gurgaon
Machine Learning Engineer,"Scikit-learn,AWS,Kubernetes,Python,Deep Learning,PyTorch,TensorFlow",3,Master,Technology,Coimbatore
Machine Learning Engineer,"Machine Learning,MLflow,Scikit-learn,Docker,Python,Deep Learning,AWS,Kubernetes,TensorFlow",4,Master,Technology,Mumbai
Machine Learning Engineer,"Python,PyTorch,Deep Learning,TensorFlow,Kubernetes,MLflow,Scikit-learn",6,Master,Technology,Kolkata
Machine Learning Engineer,"AWS,PyTorch,Scikit-learn,Kubernetes,Docker,TensorFlow,Deep Learning,Machine Learning,MLflow,Python",0,Master,Technology,San Francisco
Machine Learning Engineer,"Machine Learning,Scikit-learn,MLflow,AWS,Python,PyTorch,Docker,Deep Learning,Kubernetes",4,Master,Technology,Bangalore
Machine Learning Engineer,"Python,Docker,Machine Learning,Kubernetes,PyTorch,AWS,TensorFlow",4,Master,Technology,Gurgaon
Machine Learning Engineer,"Docker,Python,Kubernetes,TensorFlow,Deep Learning,Scikit-learn",1,Master,Technology,Atlanta
Machine Learning Engineer,"Scikit-learn,TensorFlow,Python,Deep Learning,Kubernetes,PyTorch,MLflow",2,Master,Technology,New York
Machine Learning Engineer,"Deep Learning,AWS,Python,Scikit-learn,PyTorch",4,Master,Technology,Boston
Machine Learning Engineer,"MLflow,TensorFlow,Docker,Python,Scikit-learn,Kubernetes,AWS,PyTorch",3,Master,Technology,Delhi
Machine Learning Engineer,"MLflow,PyTorch,Docker,Deep Learning,TensorFlow,Scikit-learn,AWS",4,Master,Technology,Noida
Machine Learning Engineer,"Deep Learning,Machine Learning,AWS,TensorFlow,Docker,PyTorch,MLflow,Scikit-learn,Python",1,Master,Technology,Delhi
Machine Learning Engineer,"Deep Learning,MLflow,TensorFlow,Machine Learning,AWS",0,Master,Technology,Seattle
Machine Learning Engineer,"Python,Deep Learning,AWS,Scikit-learn,TensorFlow,Machine Learning,MLflow,Kubernetes",1,Master,Technology,San Francisco
Machine Learning Engineer,"Deep Learning,TensorFlow,Scikit-learn,Python,AWS",5,Master,Technology,Coimbatore
Machine Learning Engineer,"Scikit-learn,Kubernetes,AWS,Python,Docker,MLflow,Deep Learning,Machine Learning",4,Master,Technology,New York
Machine Learning Engineer,"Deep Learning,Docker,TensorFlow,Python,AWS,Scikit-learn,MLflow,PyTorch",6,Master,Technology,Delhi
Machine Learning Engineer,"TensorFlow,Kubernetes,Docker,Machine Learning,AWS,Scikit-learn,Python",2,Master,Technology,Noida
Machine Learning Engineer,"MLflow,Machine Learning,Scikit-learn,Docker,Python,PyTorch,Kubernetes",4,Master,Technology,San Francisco
Machine Learning Engineer,"Python,MLflow,Deep Learning,Docker,Kubernetes,Machine Learning,TensorFlow,PyTorch",6,Master,Technology,Remote
Machine Learning Engineer,"Machine Learning,MLflow,Deep Learning,Python,Kubernetes,AWS,TensorFlow,Scikit-learn,Docker",0,Master,Technology,Chennai
Machine Learning Engineer,"Deep Learning,Python,MLflow,PyTorch,Scikit-learn,AWS,Kubernetes",1,Master,Technology,Hyderabad
Machine Learning Engineer,"PyTorch,Docker,Scikit-learn,Machine Learning,TensorFlow",3,Master,Technology,Gurgaon
Machine Learning Engineer,"AWS,Scikit-learn,MLflow,Docker,Machine Learning,Deep Learning,PyTorch,Kubernetes",6,Master,Technology,Austin
Software Engineer,"Java,Agile,System Design,Docker,Git,Linux,Python",1,Bachelor,Technology,Coimbatore
Software Engineer,"Java,Python,Docker,System Design,Agile,REST API,SQL,Git,JavaScript,Linux",2,Bachelor,Technology,Los Angeles
Software Engineer,"Linux,Agile,JavaScript,Java,System Design,Docker",1,Bachelor,Technology,Denver
Software Engineer,"System Design,Linux,Agile,JavaScript,Python,Docker,Java",6,Bachelor,Technology,Los Angeles
Software Engineer,"SQL,Docker,Java,System Design,Agile",5,Bachelor,Technology,Gurgaon
Software Engineer,"SQL,JavaScript,Docker,System Design,Python",3,Bachelor,Technology,Bangalore
Software Engineer,"Docker,REST API,System Design,Java,JavaScript,Git,SQL,Linux,Python",0,Bachelor,Technology,Denver
Software Engineer,"Git,Docker,REST API,JavaScript,Linux",0,Bachelor,Technology,Delhi
Software Engineer,"Git,Docker,Java,System Design,Python,SQL,JavaScript,Agile,Linux",0,Bachelor,Technology,Chicago
Software Engineer,"SQL,Git,REST API,System Design,Java,Python,Docker,JavaScript,Linux",6,Bachelor,Technology,Seattle
Software Engineer,"Docker,SQL,REST API,Git,Linux,JavaScript,System Design",6,Bachelor,Technology,Delhi
Software Engineer,"JavaScript,Python,REST API,Docker,SQL,Agile,Git",6,Bachelor,Technology,Bangalore
Software Engineer,"Git,Python,Linux,Agile,SQL,Docker,REST API,System Design,JavaScript",4,Bachelor,Technology,Denver
Software Engineer,"Git,Docker,REST API,SQL,Agile,System Design,Linux",3,Bachelor,Technology,Kolkata
Software Engineer,"System Design,Git,Linux,JavaScript,REST API",3,Bachelor,Technology,Atlanta
Software Engineer,"Agile,Docker,Python,JavaScript,SQL,Java",0,Bachelor,Technology,Denver
Software Engineer,"Git,Docker,SQL,Python,Java,Agile,JavaScript,Linux,REST API,System Design",1,Bachelor,Technology,Chicago
Software Engineer,"Agile,SQL,Java,Docker,System Design,JavaScript,REST API,Git,Python",0,Bachelor,Technology,Chicago
Software Engineer,"Linux,System Design,Git,Java,Python,SQL,Agile,Docker",0,Bachelor,Technology,Remote
Software Engineer,"Git,REST API,Python,Java,JavaScript,Linux,Agile,Docker",5,Bachelor,Technology,Mumbai
Software Engineer,"SQL,Git,Agile,Docker,System Design,Java,Linux",0,Bachelor,Technology,Denver
Software Engineer,"REST API,Python,Linux,JavaScript,Java,Docker,Git",6,Bachelor,Technology,Delhi
Software Engineer,"JavaScript,Linux,System Design,SQL,Docker,Java,Python",1,Bachelor,Technology,Bangalore
Software Engineer,"Linux,Java,Git,REST API,Python",3,Bachelor,Technology,Kolkata
Software Engineer,"System Design,JavaScript,SQL,Java,Linux,Git",3,Bachelor,Technology,Noida
Software Engineer,"Java,Linux,Docker,JavaScript,Git,SQL,Agile",2,Bachelor,Technology,Pune
Software Engineer,"JavaScript,SQL,Agile,Docker,REST API,Linux,System Design",5,Bachelor,Technology,Los Angeles
Software Engineer,"Linux,Agile,Python,SQL,Git,Docker",1,Bachelor,Technology,Atlanta
Software Engineer,"REST API,Python,Java,Git,Linux",1,Bachelor,Technology,Delhi
Software Engineer,"Docker,REST API,Python,Git,Agile",5,Bachelor,Technology,Denver
Software Engineer,"Linux,Docker,Git,Java,SQL,Agile,Python",1,Bachelor,Technology,Mumbai
Software Engineer,"JavaScript,Linux,Agile,SQL,Git,Docker,REST API,System Design",6,Bachelor,Technology,Mumbai
Software Engineer,"Docker,Linux,System Design,SQL,JavaScript,Java,Git,Python",1,Bachelor,Technology,Chicago
Software Engineer,"Docker,REST API,Python,SQL,Linux,Java",5,Bachelor,Technology,Mumbai
Software Engineer,"Agile,Docker,SQL,System Design,REST API,Git,Java,Python",3,Bachelor,Technology,Mumbai
Software Engineer,"SQL,Java,Linux,Docker,Python,System Design,JavaScript,Agile,Git",1,Bachelor,Technology,Mumbai
Software Engineer,"Java,System Design,Python,JavaScript,Agile",2,Bachelor,Technology,Hyderabad
Software Engineer,"SQL,Java,Linux,JavaScript,Agile,System Design,REST API",3,Bachelor,Technology,Chicago
Software Engineer,"JavaScript,REST API,Java,System Design,Agile,Linux,Git,Docker,Python",0,Bachelor,Technology,Remote
Software Engineer,"REST API,Agile,Python,Java,System Design,Git,JavaScript",4,Bachelor,Technology,Remote
Software Engineer,"Java,Docker,Linux,Python,SQL",0,Bachelor,Technology,Los Angeles
Software Engineer,"Python,Linux,Git,Java,REST API,Agile,SQL,System Design",3,Bachelor,Technology,Coimbatore
Software Engineer,"Docker,Linux,REST API,System Design,Python,SQL",3,Bachelor,Technology,Los Angeles
Software Engineer,"Linux,Java,Docker,Git,JavaScript,Python,System Design,REST API,SQL",6,Bachelor,Technology,Noida
Software Engineer,"SQL,Docker,System Design,Agile,Java,REST API",4,Bachelor,Technology,Noida
Software Engineer,"JavaScript,Python,Docker,REST API,SQL,Agile,Git",1,Bachelor,Technology,Seattle
Software Engineer,"System Design,Docker,Agile,SQL,Git,JavaScript,REST API,Java",2,Bachelor,Technology,Gurgaon
Software Engineer,"Docker,REST API,SQL,Java,JavaScript,System Design,Python",4,Bachelor,Technology,Delhi
Software Engineer,"REST API,SQL,Docker,System Design,Git",1,Bachelor,Technology,New York
Software Engineer,"Java,SQL,Docker,REST API,Python,Git,Agile,System Design,JavaScript,Linux",3,Bachelor,Technology,Remote
Software Engineer,"Agile,JavaScript,Python,Java,REST API,SQL,Linux,System Design,Git,Docker",1,Bachelor,Technology,Bangalore
Software Engineer,"REST API,Linux,JavaScript,SQL,Agile,Java",5,Bachelor,Technology,Mumbai
Software Engineer,"System Design,Git,Linux,Java,Agile,SQL,Python,REST API,JavaScript",2,Bachelor,Technology,Boston
Software Engineer,"SQL,Docker,Java,System Design,Linux,Python,JavaScript,REST API,Git",1,Bachelor,Technology,Noida
Software Engineer,"System Design,SQL,Docker,Python,Linux,Git,REST API,Java,Agile,JavaScript",4,Bachelor,Technology,Boston
Software Engineer,"SQL,Docker,JavaScript,Linux,Agile,REST API",6,Bachelor,Technology,Chennai
Software Engineer,"SQL,Git,Agile,JavaScript,Java,Linux,Python,System Design,Docker",3,Bachelor,Technology,Delhi
Software Engineer,"Docker,SQL,Python,JavaScript,Linux",6,Bachelor,Technology,Atlanta
Software Engineer,"Docker,Git,REST API,Java,SQL,Agile,System Design,Linux,Python,JavaScript",4,Bachelor,Technology,Bangalore
Backend Developer,"Docker,Java,SQL,PostgreSQL,REST API,Microservices,Redis,Git,Kubernetes",5,Bachelor,Technology,Kolkata
Backend Developer,"Python,Kubernetes,Microservices,Git,Docker,SQL,PostgreSQL,Redis,REST API",3,Bachelor,Technology,Pune
Backend Developer,"REST API,SQL,Redis,PostgreSQL,Python,Kubernetes,Java,Microservices,Git,Docker",1,Bachelor,Technology,Los Angeles
Backend Developer,"Redis,Java,Kubernetes,Microservices,SQL,Docker,Python,REST API,Git,PostgreSQL",3,Bachelor,Technology,Kolkata
Backend Developer,"Git,Redis,Kubernetes,Java,Microservices,SQL,Docker,REST API,PostgreSQL,Python",4,Bachelor,Technology,Atlanta
Backend Developer,"Microservices,Java,Redis,Python,SQL,Git,Docker,PostgreSQL",3,Bachelor,Technology,Denver
Backend Developer,"PostgreSQL,Java,Redis,Python,REST API,Kubernetes,Microservices",1,Bachelor,Technology,Denver
Backend Developer,"Redis,Docker,Kubernetes,Git,SQL,Java,PostgreSQL,Python,REST API",6,Bachelor,Technology,Denver
Backend Developer,"Kubernetes,Redis,Java,PostgreSQL,Python,SQL,REST API,Docker,Microservices",5,Bachelor,Technology,Remote
Backend Developer,"PostgreSQL,Java,Redis,Python,Git,REST API,Kubernetes,SQL,Docker,Microservices",6,Bachelor,Technology,Kolkata
Backend Developer,"SQL,Docker,Java,Kubernetes,Python,Redis",0,Bachelor,Technology,Los Angeles
Backend Developer,"PostgreSQL,Git,Python,Java,Docker,Microservices,Kubernetes,SQL",0,Bachelor,Technology,San Francisco
Backend Developer,"PostgreSQL,Git,REST API,SQL,Docker,Kubernetes,Python",3,Bachelor,Technology,Austin
Backend Developer,"Kubernetes,PostgreSQL,Microservices,REST API,Docker,Python,Git",4,Bachelor,Technology,Chicago
Backend Developer,"SQL,Docker,Kubernetes,PostgreSQL,REST API,Microservices",5,Bachelor,Technology,Delhi
Backend Developer,"Redis,PostgreSQL,Microservices,REST API,SQL,Git",0,Bachelor,Technology,Hyderabad
Backend Developer,"Java,PostgreSQL,Python,Redis,Microservices,Kubernetes,REST API,Docker",0,Bachelor,Technology,Remote
Backend Developer,"Redis,REST API,SQL,Kubernetes,Java",3,Bachelor,Technology,Kolkata
Backend Developer,"SQL,Microservices,Docker,Git,Kubernetes",5,Bachelor,Technology,Noida
Backend Developer,"Python,Docker,Java,Microservices,REST API,Kubernetes,SQL,Git,Redis,PostgreSQL",3,Bachelor,Technology,San Francisco
Backend Developer,"Microservices,Docker,SQL,Git,Java,Redis,PostgreSQL,Kubernetes",2,Bachelor,Technology,Chicago
Backend Developer,"Redis,Docker,SQL,Kubernetes,Git",2,Bachelor,Technology,Bangalore
Backend Developer,"Python,Redis,Kubernetes,Java,Git,REST API,PostgreSQL,SQL,Docker,Microservices",2,Bachelor,Technology,New York
Backend Developer,"Python,REST API,Docker,Redis,SQL",2,Bachelor,Technology,Noida
Backend Developer,"Microservices,REST API,PostgreSQL,Kubernetes,Python,SQL",6,Bachelor,Technology,Mumbai
Backend Developer,"Python,SQL,Docker,Java,Kubernetes,Microservices",6,Bachelor,Technology,Kolkata
Backend Developer,"Kubernetes,Docker,PostgreSQL,Microservices,Python",2,Bachelor,Technology,Chicago
Backend Developer,"Docker,PostgreSQL,SQL,Redis,Python",4,Bachelor,Technology,Bangalore
Backend Developer,"REST API,Docker,Microservices,Redis,Python,Kubernetes",4,Bachelor,Technology,Chicago
Backend Developer,"SQL,Redis,REST API,Python,Kubernetes",6,Bachelor,Technology,Los Angeles
Backend Developer,"Git,Redis,SQL,Microservices,Docker,Python,Kubernetes",0,Bachelor,Technology,Atlanta
Backend Developer,"Microservices,Kubernetes,Redis,Java,Python,SQL,PostgreSQL,Docker",0,Bachelor,Technology,Mumbai
Backend Developer,"Kubernetes,Docker,Redis,Microservices,Python,Java",3,Bachelor,Technology,San Francisco
Backend Developer,"Microservices,PostgreSQL,SQL,REST API,Redis,Java,Docker,Python,Kubernetes,Git",0,Bachelor,Technology,Noida
Backend Developer,"SQL,REST API,Java,Python,Kubernetes,Git,Docker,Microservices",5,Bachelor,Technology,Seattle
Backend Developer,"PostgreSQL,Docker,Kubernetes,Redis,REST API,Java,SQL,Git",2,Bachelor,Technology,Atlanta
Backend Developer,"Microservices,Redis,Java,Git,SQL",4,Bachelor,Technology,Remote
Backend Developer,"Redis,SQL,Python,PostgreSQL,Microservices,Docker,Git,Java",5,Bachelor,Technology,Hyderabad
Backend Developer,"Java,PostgreSQL,Docker,SQL,REST API,Microservices,Kubernetes",2,Bachelor,Technology,Pune
Backend Developer,"Git,SQL,Kubernetes,Redis,PostgreSQL",3,Bachelor,Technology,San Francisco
Backend Developer,"Java,Python,Kubernetes,REST API,Git,Redis,PostgreSQL,SQL",0,Bachelor,Technology,Austin
Backend Developer,"Kubernetes,Microservices,Redis,Java,PostgreSQL,Git",6,Bachelor,Technology,Chicago
Backend Developer,"PostgreSQL,Git,REST API,Python,Kubernetes,Microservices,Java,Redis,SQL,Docker",3,Bachelor,Technology,Austin
Backend Developer,"SQL,Git,REST API,Redis,Docker,Java,Python,PostgreSQL,Microservices",2,Bachelor,Technology,Atlanta
Backend Developer,"PostgreSQL,Java,Kubernetes,Git,Python,Docker,REST API,Microservices,Redis,SQL",5,Bachelor,Technology,Noida
Backend Developer,"Java,REST API,PostgreSQL,Git,Redis,Python",3,Bachelor,Technology,Seattle
Backend Developer,"REST API,Java,Python,PostgreSQL,Kubernetes",1,Bachelor,Technology,Coimbatore
Backend Developer,"Docker,Git,REST API,PostgreSQL,Kubernetes,SQL,Redis",4,Bachelor,Technology,San Francisco
Backend Developer,"Git,Python,Microservices,Kubernetes,PostgreSQL,Java,Redis",5,Bachelor,Technology,Chicago
Backend Developer,"Docker,Redis,Microservices,PostgreSQL,Java,Git,Python,Kubernetes",1,Bachelor,Technology,Coimbatore
Backend Developer,"Java,REST API,Docker,PostgreSQL,Python,SQL",6,Bachelor,Technology,Denver
Backend Developer,"Git,Docker,Java,REST API,Redis,Kubernetes,Python,Microservices,SQL",2,Bachelor,Technology,Hyderabad
Frontend Developer,"REST API,Node.js,Webpack,HTML,React,TypeScript",4,Bachelor,Technology,Atlanta
Frontend Developer,"JavaScript,REST API,TypeScript,Git,Webpack,HTML,CSS,Redux,React,Node.js",3,Bachelor,Technology,Austin
Frontend Developer,"TypeScript,Git,REST API,JavaScript,Webpack,React,Redux,CSS,HTML",3,Bachelor,Technology,Kolkata
Frontend Developer,"REST API,Node.js,React,Webpack,CSS,JavaScript,Redux,TypeScript,HTML",1,Bachelor,Technology,Remote
Frontend Developer,"React,TypeScript,REST API,Git,JavaScript,CSS,Node.js,HTML,Webpack,Redux",5,Bachelor,Technology,Boston
Frontend Developer,"HTML,REST API,Redux,Git,React,Webpack,Node.js,TypeScript,CSS,JavaScript",4,Bachelor,Technology,Seattle
Frontend Developer,"REST API,React,Git,Node.js,JavaScript,Webpack,Redux",2,Bachelor,Technology,Denver
Frontend Developer,"JavaScript,TypeScript,REST API,Redux,CSS,Webpack",0,Bachelor,Technology,Remote
Frontend Developer,"TypeScript,CSS,Redux,Webpack,HTML,Git,JavaScript,REST API,React",1,Bachelor,Technology,Mumbai
Frontend Developer,"HTML,React,TypeScript,REST API,JavaScript,Redux,Node.js",2,Bachelor,Technology,Delhi
Frontend Developer,"Redux,Webpack,REST API,TypeScript,HTML,JavaScript,CSS,Node.js,Git",6,Bachelor,Technology,Pune
Frontend Developer,"Git,Webpack,Node.js,HTML,JavaScript,Redux,CSS",6,Bachelor,Technology,Chicago
Frontend Developer,"Node.js,React,TypeScript,HTML,CSS,Webpack,Redux",2,Bachelor,Technology,Los Angeles
Frontend Developer,"Node.js,Git,React,TypeScript,Redux,JavaScript,HTML,Webpack,REST API",1,Bachelor,Technology,Chicago
Frontend Developer,"Node.js,Git,React,HTML,Redux",5,Bachelor,Technology,Bangalore
Frontend Developer,"Webpack,React,Node.js,Redux,HTML,Git,REST API",2,Bachelor,Technology,San Francisco
Frontend Developer,"Redux,REST API,CSS,HTML,Webpack,Git,TypeScript,JavaScript",1,Bachelor,Technology,Kolkata
Frontend Developer,"Redux,JavaScript,HTML,Node.js,Webpack,TypeScript,REST API",1,Bachelor,Technology,Delhi
Frontend Developer,"TypeScript,CSS,REST API,JavaScript,Git,React,Redux,Node.js",0,Bachelor,Technology,Denver
Frontend Developer,"JavaScript,Webpack,Redux,CSS,HTML,Git,REST API",3,Bachelor,Technology,Los Angeles
Frontend Developer,"CSS,Webpack,Node.js,Redux,REST API,JavaScript,TypeScript,HTML,React,Git",6,Bachelor,Technology,Delhi
Frontend Developer,"JavaScript,React,Webpack,CSS,Redux,TypeScript",4,Bachelor,Technology,Boston
Frontend Developer,"REST API,Webpack,Node.js,Git,Redux,JavaScript",1,Bachelor,Technology,Los Angeles
Frontend Developer,"Redux,Webpack,HTML,Node.js,REST API,JavaScript,TypeScript",3,Bachelor,Technology,Noida
Frontend Developer,"Git,Node.js,Webpack,HTML,TypeScript,JavaScript",5,Bachelor,Technology,Hyderabad
Frontend Developer,"JavaScript,HTML,Node.js,CSS,TypeScript,Redux",3,Bachelor,Technology,Delhi
Frontend Developer,"React,JavaScript,HTML,REST API,Git,Webpack,Redux,Node.js",0,Bachelor,Technology,Delhi
Frontend Developer,"HTML,CSS,React,JavaScript,Node.js,REST API,Git,Webpack,Redux,TypeScript",6,Bachelor,Technology,Remote
Frontend Developer,"Node.js,Redux,TypeScript,REST API,Webpack,React,Git",3,Bachelor,Technology,San Francisco
Frontend Developer,"Redux,TypeScript,React,Webpack,HTML",6,Bachelor,Technology,Atlanta
Frontend Developer,"JavaScript,Webpack,Redux,HTML,REST API,Node.js,TypeScript,React,Git,CSS",0,Bachelor,Technology,Atlanta
Frontend Developer,"REST API,Redux,JavaScript,Node.js,React,CSS,TypeScript,Webpack,Git,HTML",2,Bachelor,Technology,Denver
Frontend Developer,"Webpack,TypeScript,Git,Node.js,HTML,JavaScript,CSS,React,REST API,Redux",1,Bachelor,Technology,Chennai
Frontend Developer,"Git,React,JavaScript,HTML,Node.js,REST API,Redux,TypeScript",6,Bachelor,Technology,Boston
Frontend Developer,"HTML,TypeScript,Git,Redux,REST API,React,Webpack",6,Bachelor,Technology,Gurgaon
Frontend Developer,"Webpack,React,Redux,REST API,TypeScript,HTML,CSS",2,Bachelor,Technology,Chicago
Frontend Developer,"REST API,Node.js,TypeScript,Git,Webpack,HTML,Redux,React",2,Bachelor,Technology,Remote
Frontend Developer,"Git,React,REST API,TypeScript,Redux,Node.js",0,Bachelor,Technology,New York
Frontend Developer,"REST API,HTML,Webpack,JavaScript,React,Redux,CSS,TypeScript",0,Bachelor,Technology,Gurgaon
Frontend Developer,"Redux,TypeScript,Webpack,JavaScript,HTML,Node.js",1,Bachelor,Technology,Coimbatore
Frontend Developer,"Redux,React,REST API,Webpack,Git,JavaScript,Node.js,CSS,HTML,TypeScript",2,Bachelor,Technology,Austin
Frontend Developer,"Webpack,JavaScript,TypeScript,REST API,Node.js,HTML,React,CSS",5,Bachelor,Technology,Kolkata
Frontend Developer,"React,JavaScript,Node.js,Webpack,CSS,HTML",2,Bachelor,Technology,Denver
Frontend Developer,"Node.js,HTML,JavaScript,Git,Webpack,Redux,React,TypeScript,CSS",4,Bachelor,Technology,Pune
Frontend Developer,"CSS,Webpack,HTML,REST API,React,Git,Node.js,Redux,JavaScript",1,Bachelor,Technology,Seattle
Frontend Developer,"HTML,CSS,Redux,TypeScript,Node.js,JavaScript,REST API,Webpack",1,Bachelor,Technology,Gurgaon
Frontend Developer,"TypeScript,JavaScript,Redux,React,CSS",0,Bachelor,Technology,Los Angeles
Frontend Developer,"CSS,Git,JavaScript,Node.js,React,Webpack",4,Bachelor,Technology,Noida
Frontend Developer,"React,TypeScript,REST API,Git,Webpack,Redux,Node.js,HTML",5,Bachelor,Technology,Gurgaon
Frontend Developer,"JavaScript,Webpack,Node.js,React,Git,Redux,HTML,TypeScript,CSS,REST API",1,Bachelor,Technology,Atlanta
Frontend Developer,"REST API,HTML,JavaScript,React,TypeScript,Node.js,Redux,CSS,Git,Webpack",2,Bachelor,Technology,Denver
Frontend Developer,"REST API,JavaScript,Redux,Node.js,React",4,Bachelor,Technology,San Francisco
Frontend Developer,"JavaScript,CSS,Node.js,HTML,Redux,REST API",2,Bachelor,Technology,Pune
Frontend Developer,"Redux,Webpack,REST API,Node.js,Git,HTML,CSS,TypeScript,JavaScript",3,Bachelor,Technology,Boston
Frontend Developer,"CSS,TypeScript,Git,JavaScript,REST API,Node.js",5,Bachelor,Technology,Pune
Frontend Developer,"TypeScript,JavaScript,CSS,Git,React,Redux,REST API,Node.js,HTML",2,Bachelor,Technology,Remote
Frontend Developer,"HTML,Redux,JavaScript,Git,React",3,Bachelor,Technology,Hyderabad
Frontend Developer,"Node.js,Git,Webpack,JavaScript,CSS,Redux,React",2,Bachelor,Technology,Atlanta
Frontend Developer,"REST API,Node.js,HTML,CSS,Webpack,TypeScript,JavaScript,Git,Redux",2,Bachelor,Technology,Chicago
Frontend Developer,"REST API,Git,React,CSS,Node.js",0,Bachelor,Technology,Chicago
Frontend Developer,"React,REST API,Node.js,Git,JavaScript",1,Bachelor,Technology,Gurgaon
Frontend Developer,"JavaScript,Redux,Git,Node.js,HTML,Webpack,CSS,REST API",0,Bachelor,Technology,Los Angeles
Frontend Developer,"REST API,Node.js,React,HTML,Redux,JavaScript,TypeScript,Git,CSS",3,Bachelor,Technology,Delhi
Frontend Developer,"Node.js,CSS,Redux,React,HTML,REST API,Git,Webpack,TypeScript,JavaScript",3,Bachelor,Technology,Austin
Frontend Developer,"TypeScript,JavaScript,Redux,REST API,HTML,Webpack,Git,React",6,Bachelor,Technology,New York
Frontend Developer,"REST API,Redux,Webpack,CSS,Git,Node.js,JavaScript,HTML,TypeScript",5,Bachelor,Technology,Coimbatore
Frontend Developer,"JavaScript,HTML,TypeScript,Node.js,Webpack,Git,React,Redux,REST API",2,Bachelor,Technology,Gurgaon
Frontend Developer,"Redux,React,JavaScript,Webpack,HTML,Node.js",6,Bachelor,Technology,Mumbai
Frontend Developer,"React,Redux,REST API,CSS,Node.js",4,Bachelor,Technology,Chennai
Frontend Developer,"TypeScript,CSS,REST API,Node.js,Redux,Git,React,JavaScript",0,Bachelor,Technology,Atlanta
Frontend Developer,"REST API,Git,TypeScript,HTML,Redux,React,Node.js,JavaScript",5,Bachelor,Technology,Delhi
Full Stack Developer,"Docker,MongoDB,React,Node.js,JavaScript,TypeScript,SQL,REST API,Python",6,Bachelor,Technology,Noida
Full Stack Developer,"REST API,Python,React,Node.js,MongoDB,Git,SQL",2,Bachelor,Technology,Bangalore
Full Stack Developer,"REST API,React,TypeScript,MongoDB,SQL,Python,Git,Docker,Node.js",5,Bachelor,Technology,Hyderabad
Full Stack Developer,"REST API,Node.js,Git,React,SQL",5,Bachelor,Technology,Austin
Full Stack Developer,"Python,JavaScript,React,Git,TypeScript,SQL,REST API,Node.js,Docker,MongoDB",6,Bachelor,Technology,San Francisco
Full Stack Developer,"Node.js,SQL,JavaScript,Python,Docker,TypeScript,MongoDB",5,Bachelor,Technology,Atlanta
Full Stack Developer,"TypeScript,Python,JavaScript,Git,MongoDB,SQL,Docker",4,Bachelor,Technology,Chennai
Full Stack Developer,"Python,React,REST API,TypeScript,Git,Docker,SQL,MongoDB,JavaScript,Node.js",3,Bachelor,Technology,Remote
Full Stack Developer,"Python,REST API,Docker,Node.js,React,TypeScript,MongoDB",5,Bachelor,Technology,Atlanta
Full Stack Developer,"Python,Docker,TypeScript,JavaScript,REST API,React,MongoDB",5,Bachelor,Technology,Gurgaon
Full Stack Developer,"Git,TypeScript,React,MongoDB,Docker,Python",1,Bachelor,Technology,Noida
Full Stack Developer,"Node.js,Python,React,MongoDB,TypeScript",2,Bachelor,Technology,Chicago
Full Stack Developer,"SQL,JavaScript,TypeScript,Git,MongoDB,Docker,Python",5,Bachelor,Technology,Boston
Full Stack Developer,"Python,JavaScript,REST API,MongoDB,Node.js,Git,Docker,React,SQL,TypeScript",5,Bachelor,Technology,Chennai
Full Stack Developer,"Python,Node.js,TypeScript,Git,React,MongoDB,Docker,SQL,REST API",3,Bachelor,Technology,Mumbai
Full Stack Developer,"MongoDB,REST API,React,TypeScript,Python,SQL",6,Bachelor,Technology,Gurgaon
Full Stack Developer,"REST API,Docker,Git,TypeScript,React",3,Bachelor,Technology,Mumbai
Full Stack Developer,"React,Docker,SQL,TypeScript,JavaScript,REST API,Git,Python,MongoDB,Node.js",5,Bachelor,Technology,Coimbatore
Full Stack Developer,"REST API,SQL,Node.js,React,MongoDB,Git,Docker,JavaScript,Python",6,Bachelor,Technology,Chicago
Full Stack Developer,"Node.js,TypeScript,Git,React,REST API,Docker",6,Bachelor,Technology,Hyderabad
Full Stack Developer,"Docker,REST API,Node.js,React,Python,TypeScript",1,Bachelor,Technology,Atlanta
Full Stack Developer,"REST API,TypeScript,JavaScript,Node.js,Python,React",3,Bachelor,Technology,Remote
Full Stack Developer,"Node.js,React,SQL,TypeScript,Git,Docker,JavaScript",3,Bachelor,Technology,New York
Full Stack Developer,"Docker,JavaScript,Python,REST API,MongoDB,TypeScript,Git,Node.js,SQL,React",2,Bachelor,Technology,Hyderabad
Full Stack Developer,"Node.js,React,Git,JavaScript,Python,MongoDB,Docker,SQL,TypeScript,REST API",3,Bachelor,Technology,Gurgaon
Full Stack Developer,"SQL,JavaScript,Node.js,MongoDB,TypeScript,Git,Python,REST API,React,Docker",5,Bachelor,Technology,Hyderabad
Full Stack Developer,"Python,React,MongoDB,REST API,Docker,SQL",6,Bachelor,Technology,Noida
Full Stack Developer,"React,REST API,Git,MongoDB,JavaScript,TypeScript,Docker",4,Bachelor,Technology,Gurgaon
Full Stack Developer,"Git,MongoDB,JavaScript,Python,REST API,Docker,TypeScript",2,Bachelor,Technology,Los Angeles
Full Stack Developer,"TypeScript,SQL,Git,Node.js,REST API,Python,React,MongoDB",6,Bachelor,Technology,Bangalore
Full Stack Developer,"TypeScript,Python,Docker,React,JavaScript,Git,Node.js",2,Bachelor,Technology,Hyderabad
Full Stack Developer,"MongoDB,REST API,Git,Docker,Node.js,Python,React,TypeScript,JavaScript,SQL",6,Bachelor,Technology,Remote
Full Stack Developer,"React,TypeScript,Docker,SQL,REST API",3,Bachelor,Technology,Los Angeles
Full Stack Developer,"Docker,MongoDB,TypeScript,SQL,JavaScript",3,Bachelor,Technology,Delhi
Full Stack Developer,"SQL,Docker,REST API,TypeScript,Python,JavaScript,Node.js,React,Git,MongoDB",3,Bachelor,Technology,Pune
Full Stack Developer,"Node.js,Docker,Git,REST API,TypeScript,SQL,React,Python,MongoDB",2,Bachelor,Technology,Noida
Full Stack Developer,"SQL,React,Docker,TypeScript,REST API,JavaScript,Node.js,Git",2,Bachelor,Technology,Hyderabad
Full Stack Developer,"SQL,REST API,Docker,Git,Python,React",2,Bachelor,Technology,Boston
Full Stack Developer,"MongoDB,Node.js,TypeScript,SQL,Git,JavaScript,Python,REST API",1,Bachelor,Technology,Los Angeles
Full Stack Developer,"JavaScript,React,Docker,MongoDB,Python,SQL,Node.js,Git",6,Bachelor,Technology,Los Angeles
Full Stack Developer,"React,Node.js,REST API,TypeScript,MongoDB,Docker,SQL,Git,Python",0,Bachelor,Technology,Kolkata
Full Stack Developer,"Docker,MongoDB,Python,SQL,React,JavaScript,Node.js",2,Bachelor,Technology,Austin
Full Stack Developer,"Python,JavaScript,React,TypeScript,REST API,SQL,Git,Docker,MongoDB",5,Bachelor,Technology,Boston
Full Stack Developer,"React,REST API,JavaScript,TypeScript,Docker,MongoDB,Python,SQL,Node.js",4,Bachelor,Technology,Atlanta
Full Stack Developer,"Python,JavaScript,SQL,Docker,Node.js,TypeScript,REST API,React",6,Bachelor,Technology,San Francisco
Full Stack Developer,"SQL,TypeScript,JavaScript,React,MongoDB,REST API",4,Bachelor,Technology,Pune
Full Stack Developer,"TypeScript,JavaScript,Python,Node.js,Git,MongoDB",1,Bachelor,Technology,San Francisco
Full Stack Developer,"JavaScript,TypeScript,Docker,Node.js,REST API",2,Bachelor,Technology,Mumbai
Full Stack Developer,"TypeScript,Node.js,Python,React,SQL,Git,JavaScript,Docker,MongoDB,REST API",0,Bachelor,Technology,San Francisco
Full Stack Developer,"React,MongoDB,SQL,Docker,TypeScript",4,Bachelor,Technology,Boston
Full Stack Developer,"TypeScript,MongoDB,React,Node.js,REST API,SQL,Python",2,Bachelor,Technology,Remote
Full Stack Developer,"Python,SQL,Docker,JavaScript,REST API,Node.js,MongoDB",4,Bachelor,Technology,Mumbai
Full Stack Developer,"Python,Git,TypeScript,Docker,React,Node.js,REST API",2,Bachelor,Technology,Noida
Full Stack Developer,"JavaScript,TypeScript,Python,REST API,MongoDB",1,Bachelor,Technology,Chennai
Full Stack Developer,"Docker,MongoDB,TypeScript,REST API,React,SQL",3,Bachelor,Technology,Denver
Full Stack Developer,"SQL,TypeScript,JavaScript,React,Python,Docker,REST API,MongoDB,Git",0,Bachelor,Technology,Mumbai
Full Stack Developer,"MongoDB,JavaScript,SQL,Git,TypeScript,Docker,Node.js,Python,React,REST API",6,Bachelor,Technology,Austin
Full Stack Developer,"Python,React,Node.js,MongoDB,JavaScript,Git,Docker",1,Bachelor,Technology,Gurgaon
Full Stack Developer,"Node.js,Python,SQL,Git,REST API,React,JavaScript,Docker",1,Bachelor,Technology,Seattle
Full Stack Developer,"REST API,React,TypeScript,SQL,Node.js,Git,Docker",3,Bachelor,Technology,San Francisco
Full Stack Developer,"TypeScript,Python,Git,React,Docker,Node.js",4,Bachelor,Technology,Coimbatore
DevOps Engineer,"AWS,Docker,Linux,Python,Kubernetes,Jenkins,Git",1,Bachelor,Technology,New York
DevOps Engineer,"Terraform,Linux,CI/CD,Git,Jenkins,Ansible,Kubernetes,AWS,Python,Docker",2,Bachelor,Technology,Gurgaon
DevOps Engineer,"AWS,CI/CD,Kubernetes,Terraform,Git",3,Bachelor,Technology,Los Angeles
DevOps Engineer,"Ansible,Python,Terraform,Jenkins,CI/CD",5,Bachelor,Technology,Bangalore
DevOps Engineer,"Jenkins,Docker,Python,Terraform,CI/CD,Git,Linux,AWS",0,Bachelor,Technology,Atlanta
DevOps Engineer,"Docker,Terraform,Ansible,CI/CD,Python,Jenkins",4,Bachelor,Technology,Pune
DevOps Engineer,"CI/CD,AWS,Jenkins,Ansible,Terraform",3,Bachelor,Technology,Chennai
DevOps Engineer,"Linux,Terraform,CI/CD,AWS,Ansible,Kubernetes,Git,Jenkins,Python,Docker",4,Bachelor,Technology,Pune
DevOps Engineer,"Ansible,CI/CD,Git,AWS,Terraform,Docker,Kubernetes,Jenkins,Python",3,Bachelor,Technology,Noida
DevOps Engineer,"Ansible,AWS,CI/CD,Docker,Kubernetes,Python,Git,Linux,Jenkins",5,Bachelor,Technology,Denver
DevOps Engineer,"Jenkins,Kubernetes,Ansible,CI/CD,Terraform",6,Bachelor,Technology,Austin
DevOps Engineer,"Ansible,Linux,Git,Kubernetes,Python,AWS,Docker,Jenkins,Terraform,CI/CD",2,Bachelor,Technology,Atlanta
DevOps Engineer,"Terraform,CI/CD,AWS,Git,Docker,Linux,Kubernetes,Python",6,Bachelor,Technology,Delhi
DevOps Engineer,"Kubernetes,Linux,Python,Ansible,Jenkins",4,Bachelor,Technology,Bangalore
DevOps Engineer,"Jenkins,CI/CD,Git,Python,AWS",2,Bachelor,Technology,Chicago
DevOps Engineer,"Docker,AWS,Python,Git,Kubernetes,Terraform,Jenkins",3,Bachelor,Technology,Bangalore
DevOps Engineer,"Linux,CI/CD,Kubernetes,Terraform,Jenkins",2,Bachelor,Technology,Boston
DevOps Engineer,"Kubernetes,Git,Ansible,Python,Jenkins,CI/CD,AWS,Terraform,Docker,Linux",6,Bachelor,Technology,Hyderabad
DevOps Engineer,"Docker,AWS,Kubernetes,Git,Python",0,Bachelor,Technology,Coimbatore
DevOps Engineer,"Python,AWS,Terraform,Docker,Linux,Ansible,CI/CD",1,Bachelor,Technology,Seattle
DevOps Engineer,"AWS,Kubernetes,CI/CD,Linux,Docker,Jenkins",3,Bachelor,Technology,New York
DevOps Engineer,"Python,Docker,CI/CD,Jenkins,AWS",4,Bachelor,Technology,San Francisco
DevOps Engineer,"Python,AWS,CI/CD,Linux,Jenkins,Docker,Terraform,Git,Ansible,Kubernetes",0,Bachelor,Technology,Chennai
DevOps Engineer,"Python,Jenkins,AWS,CI/CD,Kubernetes,Docker,Git,Terraform,Linux,Ansible",6,Bachelor,Technology,Kolkata
DevOps Engineer,"Git,Terraform,Jenkins,Ansible,Kubernetes,Docker,CI/CD",5,Bachelor,Technology,Pune
DevOps Engineer,"Git,Jenkins,Ansible,Kubernetes,Terraform,Python",2,Bachelor,Technology,Hyderabad
DevOps Engineer,"Kubernetes,CI/CD,Python,Ansible,Terraform,Jenkins,AWS,Git",0,Bachelor,Technology,Coimbatore
DevOps Engineer,"Docker,Jenkins,AWS,Kubernetes,Terraform,CI/CD,Ansible",5,Bachelor,Technology,Seattle
DevOps Engineer,"Git,AWS,Linux,CI/CD,Kubernetes,Python",5,Bachelor,Technology,Delhi
DevOps Engineer,"Jenkins,Python,Git,Linux,Kubernetes,Ansible,Terraform,CI/CD,Docker",5,Bachelor,Technology,Kolkata
DevOps Engineer,"Kubernetes,Linux,Ansible,Jenkins,Python,AWS",4,Bachelor,Technology,Atlanta
DevOps Engineer,"Git,Linux,Docker,Jenkins,Python,CI/CD,AWS",4,Bachelor,Technology,Noida
DevOps Engineer,"AWS,Git,Docker,Jenkins,CI/CD,Kubernetes,Terraform,Python",4,Bachelor,Technology,Coimbatore
DevOps Engineer,"Jenkins,Git,CI/CD,Docker,AWS",6,Bachelor,Technology,Bangalore
DevOps Engineer,"Git,Ansible,Jenkins,CI/CD,Docker,Terraform",2,Bachelor,Technology,Noida
DevOps Engineer,"Terraform,AWS,Linux,Jenkins,CI/CD,Python,Git,Kubernetes,Ansible",6,Bachelor,Technology,Kolkata
DevOps Engineer,"Python,Linux,Kubernetes,Ansible,Docker",5,Bachelor,Technology,Austin
DevOps Engineer,"Linux,Ansible,CI/CD,Jenkins,Terraform",1,Bachelor,Technology,Chennai
DevOps Engineer,"Git,CI/CD,Jenkins,Docker,Linux,Kubernetes,AWS,Python,Ansible",0,Bachelor,Technology,Bangalore
DevOps Engineer,"Docker,Terraform,Git,Kubernetes,Python,CI/CD",5,Bachelor,Technology,Chennai
DevOps Engineer,"CI/CD,Kubernetes,Python,Jenkins,Docker,Ansible,Git",0,Bachelor,Technology,Boston
DevOps Engineer,"Kubernetes,Linux,Python,Jenkins,Terraform,CI/CD,Docker",2,Bachelor,Technology,Gurgaon
DevOps Engineer,"Python,AWS,Git,Docker,Ansible,CI/CD",5,Bachelor,Technology,Bangalore
DevOps Engineer,"Ansible,Python,Jenkins,Docker,CI/CD,Git,AWS,Linux",6,Bachelor,Technology,Gurgaon
DevOps Engineer,"Git,Docker,Linux,Terraform,CI/CD,AWS",5,Bachelor,Technology,San Francisco
DevOps Engineer,"Terraform,Python,Linux,Kubernetes,Docker,Git,Ansible,CI/CD,Jenkins,AWS",5,Bachelor,Technology,Pune
DevOps Engineer,"Kubernetes,Docker,Linux,Python,CI/CD",0,Bachelor,Technology,Noida
DevOps Engineer,"CI/CD,Python,Linux,Docker,Ansible,Kubernetes,Git",2,Bachelor,Technology,San Francisco
DevOps Engineer,"Terraform,Python,Git,Kubernetes,Linux,AWS,Ansible",2,Bachelor,Technology,San Francisco
DevOps Engineer,"AWS,Linux,Ansible,Git,Terraform,Python,CI/CD,Jenkins",6,Bachelor,Technology,Chennai
DevOps Engineer,"Kubernetes,Jenkins,Ansible,Linux,Docker,AWS,Terraform,Git,CI/CD,Python",2,Bachelor,Technology,New York
DevOps Engineer,"Linux,Terraform,Kubernetes,Jenkins,AWS,Ansible,Docker,Python",2,Bachelor,Technology,Chennai
DevOps Engineer,"Git,Python,Ansible,Jenkins,Kubernetes",1,Bachelor,Technology,Seattle
DevOps Engineer,"CI/CD,Kubernetes,Jenkins,Docker,Ansible,AWS,Terraform,Git,Linux,Python",1,Bachelor,Technology,San Francisco
DevOps Engineer,"Git,Docker,Linux,AWS,Jenkins,Kubernetes,CI/CD,Python,Terraform,Ansible",3,Bachelor,Technology,New York
DevOps Engineer,"CI/CD,Jenkins,Docker,Ansible,Git",4,Bachelor,Technology,Denver
DevOps Engineer,"Kubernetes,Ansible,CI/CD,Linux,Jenkins",2,Bachelor,Technology,Seattle
DevOps Engineer,"Ansible,Linux,CI/CD,Python,AWS,Kubernetes,Git,Terraform",2,Bachelor,Technology,Mumbai
DevOps Engineer,"AWS,Ansible,Git,Jenkins,Linux,Python,Terraform,Kubernetes,Docker",6,Bachelor,Technology,Los Angeles
DevOps Engineer,"Ansible,Terraform,AWS,Git,Jenkins,CI/CD,Linux",4,Bachelor,Technology,New York
DevOps Engineer,"Python,Git,Terraform,Linux,CI/CD",1,Bachelor,Technology,Seattle
DevOps Engineer,"Jenkins,Docker,Linux,AWS,Terraform",0,Bachelor,Technology,Delhi
DevOps Engineer,"CI/CD,AWS,Jenkins,Linux,Docker,Terraform",1,Bachelor,Technology,Pune
DevOps Engineer,"Kubernetes,Docker,AWS,Linux,Ansible",6,Bachelor,Technology,Hyderabad
DevOps Engineer,"Docker,Git,CI/CD,Kubernetes,AWS",3,Bachelor,Technology,Bangalore
DevOps Engineer,"AWS,Linux,Jenkins,Kubernetes,Ansible,CI/CD,Git,Terraform,Docker",1,Bachelor,Technology,Hyderabad
DevOps Engineer,"Ansible,Linux,Python,Jenkins,Kubernetes,AWS,Git,CI/CD,Docker,Terraform",3,Bachelor,Technology,San Francisco
DevOps Engineer,"Ansible,Linux,Jenkins,AWS,Terraform,CI/CD,Kubernetes,Docker",0,Bachelor,Technology,Chicago
DevOps Engineer,"Linux,CI/CD,Jenkins,Git,Ansible,Docker,Kubernetes,Terraform,AWS",3,Bachelor,Technology,Coimbatore
DevOps Engineer,"CI/CD,Git,Docker,Ansible,AWS",6,Bachelor,Technology,San Francisco
Cloud Architect,"AWS,Security,Linux,Kubernetes,Azure,Python,Docker,GCP,Networking",4,Master,Technology,Austin
Cloud Architect,"Kubernetes,Python,AWS,Networking,Docker,Terraform,Linux",0,Master,Technology,Austin
Cloud Architect,"GCP,Linux,Terraform,Networking,Kubernetes,AWS,Security,Docker",3,Master,Technology,Mumbai
Cloud Architect,"AWS,Azure,Python,GCP,Security,Docker,Linux,Kubernetes,Terraform",0,Master,Technology,Chicago
Cloud Architect,"Terraform,Networking,Security,GCP,Python,Linux",6,Master,Technology,San Francisco
Cloud Architect,"Terraform,Linux,Networking,GCP,Python,Docker,Security,Kubernetes",4,Master,Technology,Denver
Cloud Architect,"AWS,Networking,Terraform,Kubernetes,Linux",0,Master,Technology,Hyderabad
Cloud Architect,"GCP,Kubernetes,Terraform,AWS,Docker,Linux,Security,Networking",6,Master,Technology,Los Angeles
Cloud Architect,"Docker,Networking,Kubernetes,GCP,Linux,AWS,Azure,Terraform",4,Master,Technology,Coimbatore
Cloud Architect,"AWS,Docker,Security,Kubernetes,Azure,GCP,Python,Terraform",5,Master,Technology,Kolkata
Cloud Architect,"Terraform,AWS,Python,Networking,Kubernetes",2,Master,Technology,San Francisco
Cloud Architect,"GCP,Security,Networking,AWS,Kubernetes,Linux,Terraform",5,Master,Technology,Coimbatore
Cloud Architect,"AWS,Networking,Security,Docker,Kubernetes,GCP",6,Master,Technology,Boston
Cloud Architect,"Kubernetes,AWS,Python,Terraform,Security,Networking,Docker,GCP,Linux",6,Master,Technology,New York
Cloud Architect,"Azure,Kubernetes,Terraform,Python,Linux,GCP,Networking,AWS,Docker",3,Master,Technology,Kolkata
Cloud Architect,"Kubernetes,Docker,Linux,Terraform,AWS,Security,Azure,Python",3,Master,Technology,San Francisco
Cloud Architect,"AWS,Security,Kubernetes,Networking,Python,GCP,Linux,Terraform,Docker,Azure",6,Master,Technology,Seattle
Cloud Architect,"Python,Security,Linux,Kubernetes,Terraform,AWS,Networking",5,Master,Technology,Remote
Cloud Architect,"Docker,GCP,Security,Linux,Kubernetes,Python,Azure",5,Master,Technology,Bangalore
Cloud Architect,"Docker,Python,Azure,Networking,Security,GCP,Linux,AWS",2,Master,Technology,Chicago
Cloud Architect,"AWS,Docker,GCP,Azure,Networking",3,Master,Technology,Seattle
Cloud Architect,"GCP,Security,Azure,Docker,Linux,Terraform",1,Master,Technology,San Francisco
Cloud Architect,"AWS,Kubernetes,Terraform,Python,Linux,Docker",0,Master,Technology,Noida
Cloud Architect,"Docker,AWS,Networking,Azure,Security",3,Master,Technology,Coimbatore
Cloud Architect,"Azure,Docker,AWS,Kubernetes,Linux",4,Master,Technology,Los Angeles
Cloud Architect,"Python,Security,Networking,Azure,Kubernetes,GCP",5,Master,Technology,Remote
Cloud Architect,"Python,GCP,Networking,Azure,Docker,Terraform,Linux",6,Master,Technology,San Francisco
Cloud Architect,"Terraform,AWS,Python,Linux,Azure,Docker,Kubernetes,GCP,Security",0,Master,Technology,New York
Cloud Architect,"Networking,Kubernetes,Linux,AWS,Docker,Terraform,Azure",4,Master,Technology,Kolkata
Cloud Architect,"Linux,Networking,Security,AWS,Terraform,Kubernetes,GCP,Python,Azure",5,Master,Technology,Austin
Cloud Architect,"Security,Azure,Docker,Python,Linux,Terraform,Kubernetes,AWS,Networking",6,Master,Technology,Seattle
Cloud Architect,"Kubernetes,Security,Linux,Docker,Networking,GCP",0,Master,Technology,Kolkata
Cloud Architect,"Security,Azure,GCP,Linux,Kubernetes,AWS,Python,Networking",0,Master,Technology,Mumbai
Cloud Architect,"Networking,Azure,Kubernetes,Docker,GCP,Security,Linux",4,Master,Technology,Kolkata
Cloud Architect,"Terraform,Azure,GCP,Python,Linux,Kubernetes,Security",1,Master,Technology,San Francisco
Cloud Architect,"Security,GCP,Kubernetes,AWS,Python,Linux,Terraform,Docker",5,Master,Technology,Denver
Cloud Architect,"Terraform,Azure,GCP,Python,AWS,Networking,Kubernetes,Linux,Docker,Security",6,Master,Technology,Bangalore
Cloud Architect,"Docker,Kubernetes,Linux,Terraform,Azure,AWS,Security,Networking,Python,GCP",2,Master,Technology,Kolkata
Cloud Architect,"GCP,AWS,Linux,Python,Docker,Terraform,Security,Networking,Kubernetes",1,Master,Technology,New York
Cloud Architect,"Linux,Security,AWS,GCP,Networking",0,Master,Technology,San Francisco
Cloud Architect,"Python,Networking,Linux,Terraform,GCP,Azure,Kubernetes,Docker,Security,AWS",5,Master,Technology,Denver
Cloud Architect,"Linux,Docker,Terraform,AWS,Azure,GCP,Security,Networking",5,Master,Technology,San Francisco
Cloud Architect,"AWS,Linux,GCP,Networking,Python,Kubernetes,Terraform,Docker,Security",4,Master,Technology,Delhi
Cloud Architect,"Terraform,Azure,Docker,Linux,Python",1,Master,Technology,Gurgaon
Cloud Architect,"Security,GCP,Python,Kubernetes,Networking,AWS",3,Master,Technology,Pune
Cloud Architect,"Kubernetes,Terraform,GCP,Linux,Python,Security,Docker,AWS,Azure",3,Master,Technology,Gurgaon
Cloud Architect,"Networking,GCP,Kubernetes,Azure,AWS,Linux,Security,Terraform,Python,Docker",1,Master,Technology,Chennai
Cloud Architect,"Kubernetes,Azure,Security,GCP,Docker,Python,AWS,Networking,Linux,Terraform",6,Master,Technology,Atlanta
Cloud Architect,"Azure,AWS,GCP,Docker,Terraform,Networking,Linux,Kubernetes,Python",6,Master,Technology,Hyderabad
Cloud Architect,"Azure,Security,Terraform,AWS,GCP,Kubernetes,Docker",4,Master,Technology,Hyderabad
Cloud Architect,"Docker,Python,Azure,Linux,Networking,Kubernetes,GCP,Terraform,Security",2,Master,Technology,Bangalore
Cloud Architect,"Docker,Python,Security,AWS,Linux,Azure,Networking,GCP,Terraform",1,Master,Technology,Coimbatore
Cloud Architect,"Kubernetes,GCP,Networking,Security,AWS",0,Master,Technology,Bangalore
Cloud Architect,"Networking,GCP,AWS,Security,Python",1,Master,Technology,Coimbatore
Cloud Architect,"Linux,Kubernetes,Terraform,Azure,GCP,Security,Networking",0,Master,Technology,Pune
Cloud Architect,"Kubernetes,Docker,Networking,AWS,GCP,Azure",1,Master,Technology,Pune
Cloud Architect,"Terraform,Networking,GCP,Azure,Kubernetes",4,Master,Technology,Seattle
Cloud Architect,"Python,Terraform,Security,Azure,Linux,Kubernetes,GCP,AWS,Docker",6,Master,Technology,Mumbai
Cloud Architect,"Linux,Docker,GCP,Azure,Security,Kubernetes,Python,AWS",6,Master,Technology,Denver
Cloud Architect,"Networking,Azure,Docker,Kubernetes,GCP,Security,Terraform,AWS,Linux,Python",6,Master,Technology,Noida
Cloud Architect,"Kubernetes,Networking,Docker,Terraform,AWS,Linux,GCP,Python,Security,Azure",4,Master,Technology,Gurgaon
Cloud Architect,"Networking,Python,Azure,Kubernetes,AWS,Docker,GCP,Terraform",4,Master,Technology,Bangalore
Cloud Architect,"Kubernetes,Python,Azure,Docker,GCP,AWS,Networking,Security,Terraform",6,Master,Technology,Bangalore
Cloud Architect,"Terraform,Linux,Networking,AWS,GCP,Python",5,Master,Technology,Seattle
Cybersecurity Analyst,"Firewalls,SIEM,Linux,Compliance,Python,Network Security",4,Bachelor,Security,Chennai
Cybersecurity Analyst,"SIEM,Encryption,Risk Analysis,Network Security,Penetration Testing",3,Bachelor,Security,Chicago
Cybersecurity Analyst,"Penetration Testing,SIEM,Compliance,Firewalls,Network Security,Linux,Incident Response,Encryption,Python",5,Bachelor,Security,Pune
Cybersecurity Analyst,"Linux,Firewalls,SIEM,Penetration Testing,Network Security",2,Bachelor,Security,Denver
Cybersecurity Analyst,"Encryption,Penetration Testing,Compliance,Risk Analysis,Firewalls,SIEM,Python,Incident Response,Network Security,Linux",3,Bachelor,Security,Hyderabad
Cybersecurity Analyst,"Risk Analysis,Penetration Testing,SIEM,Firewalls,Python,Compliance,Encryption,Incident Response,Linux,Network Security",6,Bachelor,Security,Delhi
Cybersecurity Analyst,"Python,SIEM,Firewalls,Incident Response,Linux,Penetration Testing,Risk Analysis,Compliance,Network Security",2,Bachelor,Security,Gurgaon
Cybersecurity Analyst,"Linux,SIEM,Python,Penetration Testing,Risk Analysis,Compliance,Incident Response,Network Security",6,Bachelor,Security,Gurgaon
Cybersecurity Analyst,"Linux,Penetration Testing,SIEM,Network Security,Python,Firewalls,Incident Response,Compliance",6,Bachelor,Security,Remote
Cybersecurity Analyst,"Network Security,Python,Incident Response,Risk Analysis,Linux",0,Bachelor,Security,Delhi
Cybersecurity Analyst,"Firewalls,Encryption,Linux,Penetration Testing,Python,Risk Analysis,Network Security,Compliance,Incident Response,SIEM",2,Bachelor,Security,Coimbatore
Cybersecurity Analyst,"Network Security,Linux,Encryption,Python,Incident Response,Penetration Testing",1,Bachelor,Security,Pune
Cybersecurity Analyst,"Python,Firewalls,SIEM,Encryption,Risk Analysis,Compliance,Incident Response,Network Security,Penetration Testing",0,Bachelor,Security,Hyderabad
Cybersecurity Analyst,"Compliance,Risk Analysis,Incident Response,Firewalls,Linux,Penetration Testing,SIEM,Python,Network Security,Encryption",1,Bachelor,Security,Seattle
Cybersecurity Analyst,"SIEM,Network Security,Incident Response,Linux,Compliance,Penetration Testing,Python,Firewalls,Risk Analysis",5,Bachelor,Security,Chicago
Cybersecurity Analyst,"Compliance,Firewalls,SIEM,Encryption,Network Security,Incident Response,Penetration Testing",1,Bachelor,Security,Chicago
Cybersecurity Analyst,"Python,SIEM,Compliance,Linux,Network Security,Risk Analysis,Firewalls,Penetration Testing,Encryption,Incident Response",1,Bachelor,Security,Atlanta
Cybersecurity Analyst,"Compliance,SIEM,Network Security,Incident Response,Encryption",6,Bachelor,Security,San Francisco
Cybersecurity Analyst,"Compliance,Python,Encryption,Firewalls,Linux,SIEM,Penetration Testing,Incident Response,Risk Analysis",2,Bachelor,Security,Remote
Cybersecurity Analyst,"Risk Analysis,Python,SIEM,Network Security,Firewalls,Penetration Testing,Encryption,Incident Response,Compliance",0,Bachelor,Security,Noida
Cybersecurity Analyst,"Incident Response,Penetration Testing,Firewalls,Python,SIEM,Network Security,Risk Analysis,Compliance",6,Bachelor,Security,Denver
Cybersecurity Analyst,"Penetration Testing,Risk Analysis,Incident Response,Python,Network Security,Firewalls,Compliance,Encryption",1,Bachelor,Security,Coimbatore
Cybersecurity Analyst,"Network Security,Incident Response,Encryption,Compliance,Python",6,Bachelor,Security,Delhi
Cybersecurity Analyst,"Penetration Testing,Compliance,SIEM,Incident Response,Risk Analysis,Encryption,Firewalls,Python",5,Bachelor,Security,Denver
Cybersecurity Analyst,"SIEM,Linux,Python,Penetration Testing,Network Security,Encryption,Incident Response,Firewalls,Risk Analysis",1,Bachelor,Security,Delhi
Cybersecurity Analyst,"Incident Response,Risk Analysis,Firewalls,Python,Penetration Testing,Compliance",5,Bachelor,Security,Kolkata
Cybersecurity Analyst,"Incident Response,Compliance,Network Security,Encryption,Firewalls,SIEM,Risk Analysis,Linux,Penetration Testing",5,Bachelor,Security,Remote
Cybersecurity Analyst,"Incident Response,SIEM,Compliance,Penetration Testing,Linux,Python,Firewalls,Risk Analysis,Encryption",0,Bachelor,Security,Hyderabad
Cybersecurity Analyst,"Risk Analysis,Network Security,Penetration Testing,Encryption,Compliance",3,Bachelor,Security,Remote
Cybersecurity Analyst,"Firewalls,Linux,Penetration Testing,SIEM,Encryption,Compliance,Network Security,Python,Risk Analysis,Incident Response",2,Bachelor,Security,Austin
Cybersecurity Analyst,"Network Security,Firewalls,SIEM,Linux,Penetration Testing",4,Bachelor,Security,Pune
Cybersecurity Analyst,"Linux,SIEM,Encryption,Compliance,Firewalls",3,Bachelor,Security,Noida
Cybersecurity Analyst,"Linux,Network Security,Penetration Testing,Compliance,Firewalls,Risk Analysis,SIEM,Incident Response,Python,Encryption",1,Bachelor,Security,Remote
Cybersecurity Analyst,"Encryption,Incident Response,SIEM,Linux,Risk Analysis,Network Security,Python,Firewalls,Compliance",4,Bachelor,Security,Mumbai
Cybersecurity Analyst,"Compliance,SIEM,Network Security,Incident Response,Linux,Firewalls,Penetration Testing,Python,Risk Analysis",3,Bachelor,Security,Austin
Cybersecurity Analyst,"Network Security,Encryption,Penetration Testing,SIEM,Compliance,Risk Analysis,Incident Response,Python,Firewalls,Linux",5,Bachelor,Security,Bangalore
Cybersecurity Analyst,"Linux,Encryption,Firewalls,Risk Analysis,Python,Incident Response,SIEM,Compliance",3,Bachelor,Security,Noida
Cybersecurity Analyst,"Incident Response,Firewalls,Linux,Python,SIEM,Penetration Testing",5,Bachelor,Security,Mumbai
Cybersecurity Analyst,"Linux,Risk Analysis,Python,Network Security,SIEM,Penetration Testing,Incident Response,Firewalls,Compliance,Encryption",2,Bachelor,Security,Kolkata
Cybersecurity Analyst,"Encryption,Risk Analysis,Compliance,SIEM,Penetration Testing",3,Bachelor,Security,Seattle
Cybersecurity Analyst,"Risk Analysis,Python,Linux,Compliance,Firewalls,Encryption,Penetration Testing,Incident Response",0,Bachelor,Security,San Francisco
Cybersecurity Analyst,"Compliance,SIEM,Python,Encryption,Incident Response,Risk Analysis,Penetration Testing,Linux,Network Security",0,Bachelor,Security,Pune
Cybersecurity Analyst,"Network Security,Risk Analysis,Firewalls,Compliance,Encryption,Python,Penetration Testing",6,Bachelor,Security,Hyderabad
Cybersecurity Analyst,"Firewalls,Compliance,Python,Risk Analysis,SIEM",1,Bachelor,Security,Chicago
Cybersecurity Analyst,"Penetration Testing,Network Security,Firewalls,SIEM,Encryption,Python",0,Bachelor,Security,Noida
Cybersecurity Analyst,"Python,Risk Analysis,Encryption,SIEM,Firewalls",0,Bachelor,Security,Delhi
Cybersecurity Analyst,"Linux,Risk Analysis,Network Security,Incident Response,Penetration Testing,SIEM,Compliance,Python",4,Bachelor,Security,Pune
Cybersecurity Analyst,"SIEM,Compliance,Python,Linux,Firewalls,Penetration Testing,Network Security",4,Bachelor,Security,San Francisco
Cybersecurity Analyst,"Python,Encryption,Risk Analysis,Linux,Compliance,SIEM,Network Security,Incident Response,Penetration Testing",4,Bachelor,Security,Delhi
Cybersecurity Analyst,"SIEM,Incident Response,Penetration Testing,Network Security,Encryption,Linux",0,Bachelor,Security,Los Angeles
Cybersecurity Analyst,"Network Security,Firewalls,Encryption,Linux,Penetration Testing,Risk Analysis,Incident Response,SIEM,Python",5,Bachelor,Security,Hyderabad
Cybersecurity Analyst,"SIEM,Incident Response,Network Security,Linux,Compliance,Risk Analysis,Penetration Testing,Python",0,Bachelor,Security,Hyderabad
Cybersecurity Analyst,"Incident Response,SIEM,Python,Network Security,Linux",0,Bachelor,Security,Atlanta
Cybersecurity Analyst,"Network Security,Compliance,SIEM,Encryption,Incident Response,Python,Firewalls,Penetration Testing,Risk Analysis,Linux",0,Bachelor,Security,Delhi
Cybersecurity Analyst,"Firewalls,Penetration Testing,SIEM,Incident Response,Risk Analysis,Linux,Network Security,Python,Encryption,Compliance",5,Bachelor,Security,Hyderabad
Cybersecurity Analyst,"Network Security,Firewalls,Risk Analysis,SIEM,Incident Response,Compliance,Encryption,Python,Penetration Testing,Linux",5,Bachelor,Security,Remote
Cybersecurity Analyst,"SIEM,Linux,Network Security,Encryption,Compliance,Incident Response,Penetration Testing",0,Bachelor,Security,Delhi
Cybersecurity Analyst,"Incident Response,Risk Analysis,SIEM,Linux,Encryption,Network Security,Penetration Testing,Python",5,Bachelor,Security,Chennai
Cybersecurity Analyst,"Risk Analysis,SIEM,Network Security,Penetration Testing,Incident Response,Firewalls,Python,Compliance",0,Bachelor,Security,Mumbai
Cybersecurity Analyst,"SIEM,Network Security,Linux,Encryption,Penetration Testing,Firewalls,Risk Analysis,Python,Compliance,Incident Response",3,Bachelor,Security,Mumbai
Cybersecurity Analyst,"Risk Analysis,SIEM,Python,Network Security,Firewalls,Compliance,Encryption,Penetration Testing",1,Bachelor,Security,Gurgaon
Cybersecurity Analyst,"Penetration Testing,Risk Analysis,Python,Linux,Compliance,Network Security,SIEM,Encryption,Incident Response",1,Bachelor,Security,Pune
Cybersecurity Analyst,"SIEM,Network Security,Encryption,Risk Analysis,Linux,Python,Compliance,Incident Response",3,Bachelor,Security,Seattle
Cybersecurity Analyst,"Encryption,Python,Network Security,Linux,SIEM,Risk Analysis",1,Bachelor,Security,Boston
Cybersecurity Analyst,"Incident Response,Encryption,Python,Compliance,Risk Analysis",5,Bachelor,Security,Mumbai
Cybersecurity Analyst,"Incident Response,Penetration Testing,Network Security,SIEM,Linux,Firewalls",4,Bachelor,Security,Bangalore
Cybersecurity Analyst,"Firewalls,Linux,Penetration Testing,Network Security,Risk Analysis,Incident Response,Compliance,Python,SIEM",0,Bachelor,Security,Coimbatore
Cybersecurity Analyst,"Incident Response,Network Security,Compliance,Python,Encryption",0,Bachelor,Security,Chennai
Cybersecurity Analyst,"Python,Encryption,Incident Response,Risk Analysis,Penetration Testing,Network Security,Firewalls,Compliance,SIEM",6,Bachelor,Security,Chicago
Cybersecurity Analyst,"Risk Analysis,Firewalls,Encryption,Network Security,Penetration Testing,Incident Response,Linux",3,Bachelor,Security,San Francisco
Cybersecurity Analyst,"Compliance,Python,Risk Analysis,Encryption,Penetration Testing,Firewalls,Incident Response",2,Bachelor,Security,New York
Cybersecurity Analyst,"Incident Response,Encryption,Risk Analysis,Network Security,Firewalls,Python,SIEM,Penetration Testing,Linux,Compliance",5,Bachelor,Security,Austin
Cybersecurity Analyst,"Risk Analysis,Incident Response,Network Security,Python,Encryption,Compliance,Linux,Firewalls",0,Bachelor,Security,Pune
Cybersecurity Analyst,"Network Security,Encryption,Python,Compliance,Risk Analysis",5,Bachelor,Security,New York
Business Analyst,"Data Visualization,Tableau,Excel,Stakeholder Management,SQL,Agile,Process Mapping",6,Bachelor,Consulting,Seattle
Business Analyst,"Power BI,Process Mapping,SQL,Stakeholder Management,Requirements Gathering",0,Bachelor,Consulting,Kolkata
Business Analyst,"Jira,Agile,Tableau,Excel,Process Mapping,Stakeholder Management",1,Bachelor,Consulting,Noida
Business Analyst,"SQL,Stakeholder Management,Power BI,Data Visualization,Excel",0,Bachelor,Consulting,Chennai
Business Analyst,"Process Mapping,Data Visualization,Power BI,Jira,Agile,SQL,Excel,Tableau,Requirements Gathering",3,Bachelor,Consulting,Boston
Business Analyst,"Agile,Tableau,Process Mapping,Requirements Gathering,Jira,Data Visualization,SQL,Excel,Stakeholder Management",1,Bachelor,Consulting,Bangalore
Business Analyst,"Jira,Stakeholder Management,SQL,Data Visualization,Power BI,Tableau,Excel,Agile,Requirements Gathering",5,Bachelor,Consulting,New York
Business Analyst,"Agile,SQL,Jira,Power BI,Excel,Data Visualization,Process Mapping,Requirements Gathering",0,Bachelor,Consulting,Chicago
Business Analyst,"SQL,Jira,Tableau,Data Visualization,Process Mapping,Requirements Gathering",2,Bachelor,Consulting,Boston
Business Analyst,"SQL,Agile,Tableau,Process Mapping,Jira,Data Visualization,Power BI",6,Bachelor,Consulting,San Francisco
Business Analyst,"Stakeholder Management,Tableau,Data Visualization,SQL,Process Mapping,Requirements Gathering",5,Bachelor,Consulting,Delhi
Business Analyst,"Tableau,Process Mapping,Power BI,SQL,Jira,Requirements Gathering,Agile",1,Bachelor,Consulting,Mumbai
Business Analyst,"Excel,Data Visualization,Stakeholder Management,Power BI,SQL,Tableau",3,Bachelor,Consulting,Seattle
Business Analyst,"SQL,Jira,Data Visualization,Agile,Requirements Gathering,Process Mapping,Power BI,Excel,Tableau,Stakeholder Management",3,Bachelor,Consulting,Coimbatore
Business Analyst,"SQL,Excel,Power BI,Agile,Process Mapping",0,Bachelor,Consulting,San Francisco
Business Analyst,"Process Mapping,Power BI,Requirements Gathering,Agile,Jira,SQL,Stakeholder Management,Excel,Data Visualization",4,Bachelor,Consulting,Kolkata
Business Analyst,"Stakeholder Management,Process Mapping,Power BI,Requirements Gathering,Jira",4,Bachelor,Consulting,Coimbatore
Business Analyst,"SQL,Power BI,Jira,Agile,Stakeholder Management,Excel,Tableau,Requirements Gathering,Process Mapping,Data Visualization",1,Bachelor,Consulting,Chennai
Business Analyst,"Agile,Tableau,Data Visualization,Process Mapping,Power BI",3,Bachelor,Consulting,Coimbatore
Business Analyst,"Tableau,Requirements Gathering,Power BI,Process Mapping,SQL,Stakeholder Management,Jira,Excel",1,Bachelor,Consulting,Kolkata
Business Analyst,"Data Visualization,Stakeholder Management,Tableau,Process Mapping,SQL,Requirements Gathering,Jira,Power BI",2,Bachelor,Consulting,Delhi
Business Analyst,"Requirements Gathering,Process Mapping,Stakeholder Management,Jira,Agile,Power BI,Excel",6,Bachelor,Consulting,Denver
Business Analyst,"Process Mapping,Agile,Jira,Power BI,Requirements Gathering,Tableau,Excel,Data Visualization,SQL,Stakeholder Management",5,Bachelor,Consulting,Chennai
Business Analyst,"Excel,Tableau,Power BI,SQL,Stakeholder Management,Data Visualization,Agile,Process Mapping,Jira",6,Bachelor,Consulting,Gurgaon
Business Analyst,"Requirements Gathering,Power BI,Tableau,Stakeholder Management,Jira,Excel,Data Visualization",2,Bachelor,Consulting,New York
Business Analyst,"Stakeholder Management,Process Mapping,Agile,Power BI,Requirements Gathering",3,Bachelor,Consulting,Remote
Business Analyst,"Requirements Gathering,Tableau,Process Mapping,SQL,Excel,Data Visualization,Agile,Stakeholder Management,Jira",0,Bachelor,Consulting,Atlanta
Business Analyst,"Jira,Process Mapping,Tableau,Power BI,Excel,SQL,Data Visualization",0,Bachelor,Consulting,Atlanta
Business Analyst,"Power BI,Jira,Excel,Requirements Gathering,SQL",6,Bachelor,Consulting,Gurgaon
Business Analyst,"Process Mapping,Tableau,Requirements Gathering,Data Visualization,Stakeholder Management,Excel,Agile",4,Bachelor,Consulting,Los Angeles
Business Analyst,"Data Visualization,Agile,Tableau,Requirements Gathering,Process Mapping,SQL,Stakeholder Management,Power BI,Jira,Excel",5,Bachelor,Consulting,Chicago
Business Analyst,"SQL,Agile,Stakeholder Management,Tableau,Process Mapping,Requirements Gathering,Excel,Jira,Power BI,Data Visualization",2,Bachelor,Consulting,Delhi
Business Analyst,"Requirements Gathering,Agile,Excel,Data Visualization,Stakeholder Management,Power BI",5,Bachelor,Consulting,Hyderabad
Business Analyst,"Data Visualization,Stakeholder Management,Jira,Requirements Gathering,Agile,Power BI,Process Mapping,SQL",0,Bachelor,Consulting,New York
Business Analyst,"Process Mapping,Power BI,Stakeholder Management,Excel,Data Visualization,Jira,Tableau,SQL,Agile",5,Bachelor,Consulting,Noida
Business Analyst,"Data Visualization,Requirements Gathering,Jira,Power BI,Agile",3,Bachelor,Consulting,Hyderabad
Business Analyst,"Requirements Gathering,Excel,Agile,Stakeholder Management,Process Mapping,Jira,Tableau",6,Bachelor,Consulting,Atlanta
Business Analyst,"Requirements Gathering,Power BI,SQL,Data Visualization,Excel,Process Mapping,Tableau,Jira,Agile,Stakeholder Management",6,Bachelor,Consulting,Bangalore
Business Analyst,"Agile,Data Visualization,Jira,Process Mapping,Stakeholder Management,Power BI,Tableau,SQL",3,Bachelor,Consulting,Atlanta
Business Analyst,"Process Mapping,Stakeholder Management,Jira,SQL,Excel,Agile,Requirements Gathering,Data Visualization,Tableau,Power BI",1,Bachelor,Consulting,Pune
Business Analyst,"Requirements Gathering,Excel,Agile,Process Mapping,Stakeholder Management,Power BI,Jira,Tableau,Data Visualization",3,Bachelor,Consulting,Boston
Business Analyst,"SQL,Agile,Tableau,Power BI,Process Mapping,Stakeholder Management,Excel,Requirements Gathering",2,Bachelor,Consulting,Seattle
Business Analyst,"Power BI,Data Visualization,Requirements Gathering,Agile,Process Mapping,Jira,Stakeholder Management",1,Bachelor,Consulting,Bangalore
Business Analyst,"Process Mapping,Jira,Requirements Gathering,Agile,SQL,Power BI,Stakeholder Management,Data Visualization,Excel,Tableau",3,Bachelor,Consulting,Denver
Business Analyst,"Agile,Requirements Gathering,Excel,Stakeholder Management,Data Visualization,Power BI,Jira,SQL",2,Bachelor,Consulting,Chicago
Business Analyst,"SQL,Requirements Gathering,Data Visualization,Power BI,Agile,Process Mapping,Jira,Stakeholder Management",0,Bachelor,Consulting,Bangalore
Business Analyst,"Requirements Gathering,SQL,Data Visualization,Agile,Process Mapping",0,Bachelor,Consulting,Mumbai
Business Analyst,"Excel,Agile,Jira,Process Mapping,Stakeholder Management,Power BI,Requirements Gathering,SQL,Tableau,Data Visualization",5,Bachelor,Consulting,Boston
Business Analyst,"SQL,Process Mapping,Agile,Power BI,Jira,Stakeholder Management,Requirements Gathering,Tableau,Data Visualization",1,Bachelor,Consulting,Pune
Business Analyst,"Agile,Process Mapping,Data Visualization,Stakeholder Management,Tableau,SQL,Excel,Power BI",0,Bachelor,Consulting,Coimbatore
Business Analyst,"Jira,Requirements Gathering,Tableau,Excel,Data Visualization",2,Bachelor,Consulting,Delhi
Business Analyst,"Data Visualization,Excel,Requirements Gathering,Agile,Stakeholder Management",5,Bachelor,Consulting,Hyderabad
Business Analyst,"Stakeholder Management,Tableau,Requirements Gathering,Data Visualization,Process Mapping",5,Bachelor,Consulting,Chicago
Business Analyst,"Excel,Tableau,Jira,Agile,Process Mapping,Stakeholder Management,Data Visualization,SQL,Requirements Gathering,Power BI",5,Bachelor,Consulting,Chennai
Business Analyst,"Agile,Tableau,Excel,Stakeholder Management,Process Mapping,Data Visualization,Requirements Gathering",4,Bachelor,Consulting,Mumbai
Business Analyst,"Power BI,Tableau,Stakeholder Management,Jira,Agile",4,Bachelor,Consulting,Los Angeles
Business Analyst,"Process Mapping,Tableau,Agile,Excel,Stakeholder Management,Data Visualization,Power BI,Requirements Gathering,SQL,Jira",6,Bachelor,Consulting,Atlanta
Business Analyst,"Process Mapping,SQL,Stakeholder Management,Agile,Power BI,Jira,Excel,Tableau,Data Visualization,Requirements Gathering",4,Bachelor,Consulting,Mumbai
Business Analyst,"Requirements Gathering,Power BI,SQL,Tableau,Process Mapping,Agile,Excel,Jira,Data Visualization",3,Bachelor,Consulting,Coimbatore
Business Analyst,"Process Mapping,Jira,Data Visualization,Requirements Gathering,SQL,Stakeholder Management",1,Bachelor,Consulting,Hyderabad
Business Analyst,"Agile,Data Visualization,Process Mapping,SQL,Power BI,Stakeholder Management,Tableau,Requirements Gathering,Jira,Excel",4,Bachelor,Consulting,Bangalore
Business Analyst,"Process Mapping,Power BI,Stakeholder Management,SQL,Data Visualization",4,Bachelor,Consulting,Austin
Business Analyst,"Requirements Gathering,Jira,Stakeholder Management,Power BI,Process Mapping,Tableau,SQL",3,Bachelor,Consulting,Hyderabad
Business Analyst,"Data Visualization,Excel,Tableau,Jira,Power BI,Stakeholder Management,SQL",1,Bachelor,Consulting,Mumbai
Business Analyst,"Requirements Gathering,Stakeholder Management,Data Visualization,Excel,SQL,Agile,Process Mapping",6,Bachelor,Consulting,Hyderabad
Business Analyst,"Process Mapping,SQL,Power BI,Excel,Requirements Gathering,Agile,Tableau,Stakeholder Management,Jira,Data Visualization",6,Bachelor,Consulting,Seattle
Business Analyst,"Tableau,Stakeholder Management,Power BI,SQL,Process Mapping",4,Bachelor,Consulting,Atlanta
Product Manager,"Data Analysis,Roadmapping,Agile,Stakeholder Management,A/B Testing,Jira",0,Master,Technology,Seattle
Product Manager,"SQL,Communication,UX Research,Roadmapping,Product Strategy,Stakeholder Management,A/B Testing",5,Master,Technology,Los Angeles
Product Manager,"Roadmapping,Data Analysis,SQL,Communication,Jira,A/B Testing,Product Strategy",3,Master,Technology,Pune
Product Manager,"SQL,A/B Testing,Data Analysis,Communication,Jira,Agile,Roadmapping,Stakeholder Management,Product Strategy",6,Master,Technology,Mumbai
Product Manager,"Roadmapping,Agile,UX Research,SQL,Stakeholder Management,Communication,Jira,Product Strategy,A/B Testing",4,Master,Technology,Austin
Product Manager,"Roadmapping,Agile,Stakeholder Management,Jira,SQL,Data Analysis,A/B Testing,Product Strategy",0,Master,Technology,Los Angeles
Product Manager,"SQL,Product Strategy,Roadmapping,Stakeholder Management,Data Analysis,Communication,Jira,Agile",6,Master,Technology,Hyderabad
Product Manager,"A/B Testing,Agile,Jira,SQL,Data Analysis,Stakeholder Management,Communication,Roadmapping,Product Strategy",5,Master,Technology,Chicago
Product Manager,"Communication,Data Analysis,Stakeholder Management,SQL,Product Strategy,Jira,Roadmapping,UX Research,Agile,A/B Testing",2,Master,Technology,Gurgaon
Product Manager,"Stakeholder Management,Agile,Product Strategy,A/B Testing,Jira,Communication,Roadmapping,SQL,Data Analysis",6,Master,Technology,Coimbatore
Product Manager,"Data Analysis,Stakeholder Management,Communication,Jira,A/B Testing",4,Master,Technology,Gurgaon
Product Manager,"A/B Testing,Agile,Data Analysis,Stakeholder Management,UX Research",1,Master,Technology,Bangalore
Product Manager,"SQL,A/B Testing,Product Strategy,UX Research,Agile,Data Analysis,Stakeholder Management,Jira,Roadmapping",2,Master,Technology,Atlanta
Product Manager,"Data Analysis,Roadmapping,Communication,Jira,Stakeholder Management,UX Research,A/B Testing,Product Strategy,Agile",4,Master,Technology,Hyderabad
Product Manager,"UX Research,Stakeholder Management,Agile,SQL,Roadmapping,Data Analysis",2,Master,Technology,Chicago
Product Manager,"Communication,A/B Testing,Stakeholder Management,Jira,SQL,Agile,Product Strategy,Roadmapping,UX Research",5,Master,Technology,Chennai
Product Manager,"UX Research,SQL,A/B Testing,Communication,Jira,Stakeholder Management,Data Analysis,Product Strategy,Agile",0,Master,Technology,Coimbatore
Product Manager,"Jira,UX Research,Agile,Data Analysis,Communication,Product Strategy,Roadmapping,SQL,A/B Testing,Stakeholder Management",3,Master,Technology,Mumbai
Product Manager,"Product Strategy,Communication,Stakeholder Management,A/B Testing,Roadmapping",2,Master,Technology,Pune
Product Manager,"Jira,Agile,Stakeholder Management,Roadmapping,Data Analysis,Product Strategy",1,Master,Technology,Delhi
Product Manager,"A/B Testing,SQL,Communication,Data Analysis,Stakeholder Management,UX Research",5,Master,Technology,Coimbatore
Product Manager,"Data Analysis,UX Research,Stakeholder Management,SQL,Product Strategy,Agile,A/B Testing,Communication,Roadmapping",1,Master,Technology,Atlanta
Product Manager,"Stakeholder Management,Jira,UX Research,Data Analysis,Communication,Agile",0,Master,Technology,Seattle
Product Manager,"Agile,UX Research,A/B Testing,Data Analysis,Roadmapping",4,Master,Technology,Noida
Product Manager,"Jira,A/B Testing,Roadmapping,Communication,Product Strategy,Agile,UX Research,Data Analysis,SQL,Stakeholder Management",0,Master,Technology,Kolkata
Product Manager,"Jira,SQL,UX Research,Data Analysis,Communication,Agile,Roadmapping,A/B Testing,Stakeholder Management",4,Master,Technology,Boston
Product Manager,"Product Strategy,SQL,Stakeholder Management,A/B Testing,Agile,Data Analysis,Communication,Roadmapping,UX Research",6,Master,Technology,Boston
Product Manager,"Product Strategy,A/B Testing,Communication,Jira,UX Research,Roadmapping,SQL,Stakeholder Management",3,Master,Technology,Bangalore
Product Manager,"Stakeholder Management,Data Analysis,SQL,A/B Testing,Roadmapping,Agile,Product Strategy",6,Master,Technology,Hyderabad
Product Manager,"SQL,Roadmapping,Stakeholder Management,Data Analysis,Jira,UX Research",2,Master,Technology,Remote
Product Manager,"Roadmapping,A/B Testing,Product Strategy,Stakeholder Management,Communication",5,Master,Technology,Chennai
Product Manager,"Jira,Communication,SQL,Agile,UX Research,A/B Testing,Product Strategy",4,Master,Technology,Boston
Product Manager,"Communication,Data Analysis,Product Strategy,SQL,UX Research,Agile",5,Master,Technology,Bangalore
Product Manager,"UX Research,A/B Testing,Data Analysis,Stakeholder Management,Roadmapping",5,Master,Technology,Kolkata
Product Manager,"SQL,Product Strategy,Data Analysis,Roadmapping,Jira",6,Master,Technology,Denver
Product Manager,"Product Strategy,Stakeholder Management,Roadmapping,Agile,UX Research",3,Master,Technology,Bangalore
Product Manager,"Product Strategy,Stakeholder Management,Agile,Communication,A/B Testing",1,Master,Technology,Coimbatore
Product Manager,"Agile,Jira,Product Strategy,UX Research,Roadmapping,Stakeholder Management",1,Master,Technology,San Francisco
Product Manager,"Roadmapping,UX Research,Product Strategy,Stakeholder Management,Jira,A/B Testing,Data Analysis,SQL,Agile,Communication",1,Master,Technology,Denver
Product Manager,"Roadmapping,Product Strategy,Data Analysis,Stakeholder Management,SQL,Jira,A/B Testing,Communication,UX Research",2,Master,Technology,Mumbai
Product Manager,"Jira,UX Research,Agile,Data Analysis,Communication",1,Master,Technology,Gurgaon
Product Manager,"SQL,UX Research,Communication,Roadmapping,A/B Testing,Agile,Data Analysis,Stakeholder Management,Jira,Product Strategy",6,Master,Technology,Seattle
Product Manager,"SQL,UX Research,Agile,Jira,A/B Testing,Product Strategy,Roadmapping,Stakeholder Management",4,Master,Technology,New York
Product Manager,"SQL,Product Strategy,Stakeholder Management,UX Research,Data Analysis,Roadmapping,Jira,Agile,A/B Testing",3,Master,Technology,New York
Product Manager,"Communication,A/B Testing,Product Strategy,Agile,Jira,SQL",1,Master,Technology,Mumbai
Product Manager,"Roadmapping,Stakeholder Management,A/B Testing,SQL,Communication,UX Research,Data Analysis",6,Master,Technology,Remote
Product Manager,"Data Analysis,Stakeholder Management,Product Strategy,Communication,A/B Testing,Jira",2,Master,Technology,San Francisco
Product Manager,"Product Strategy,Jira,Communication,UX Research,SQL,A/B Testing,Agile,Roadmapping,Stakeholder Management,Data Analysis",2,Master,Technology,Pune
Product Manager,"Product Strategy,Agile,Communication,Jira,Data Analysis,SQL,Roadmapping,Stakeholder Management,UX Research,A/B Testing",4,Master,Technology,Mumbai
Product Manager,"Roadmapping,A/B Testing,Stakeholder Management,Agile,UX Research,Communication,Jira,Data Analysis",0,Master,Technology,Remote
Product Manager,"Stakeholder Management,Data Analysis,Product Strategy,Roadmapping,A/B Testing,UX Research,Communication,SQL,Jira",3,Master,Technology,Chennai
Product Manager,"Agile,Jira,Data Analysis,Communication,SQL,Product Strategy,Roadmapping,A/B Testing,Stakeholder Management",3,Master,Technology,New York
Product Manager,"SQL,UX Research,Stakeholder Management,Roadmapping,Agile,Communication,Jira",6,Master,Technology,Kolkata
Product Manager,"Agile,A/B Testing,Data Analysis,Jira,Communication,UX Research",6,Master,Technology,Delhi
UX Designer,"CSS,Sketch,UX Research,User Testing,Prototyping,Communication,Figma,Adobe XD,Wireframing,HTML",6,Bachelor,Design,Los Angeles
UX Designer,"Communication,CSS,UX Research,Prototyping,Sketch,User Testing,Figma,Adobe XD,Wireframing",5,Bachelor,Design,Hyderabad
UX Designer,"HTML,Figma,UX Research,CSS,Prototyping",6,Bachelor,Design,Remote
UX Designer,"Wireframing,Adobe XD,User Testing,Sketch,HTML,CSS",2,Bachelor,Design,Hyderabad
UX Designer,"Figma,Sketch,Communication,Wireframing,Adobe XD,CSS,UX Research,Prototyping,User Testing,HTML",1,Bachelor,Design,Mumbai
UX Designer,"Wireframing,UX Research,Sketch,Communication,HTML",3,Bachelor,Design,Coimbatore
UX Designer,"Adobe XD,Prototyping,Figma,User Testing,Wireframing,UX Research,HTML,Sketch,CSS",2,Bachelor,Design,Los Angeles
UX Designer,"Adobe XD,Prototyping,User Testing,Communication,Figma",1,Bachelor,Design,Mumbai
UX Designer,"Communication,Sketch,Figma,Prototyping,HTML,Wireframing",3,Bachelor,Design,Mumbai
UX Designer,"Communication,Prototyping,Sketch,HTML,Wireframing,Figma,CSS,User Testing",0,Bachelor,Design,San Francisco
UX Designer,"Figma,Sketch,Prototyping,HTML,UX Research,User Testing,Wireframing,CSS",2,Bachelor,Design,New York
UX Designer,"Communication,UX Research,Adobe XD,HTML,Prototyping,Wireframing,User Testing,Sketch",6,Bachelor,Design,Pune
UX Designer,"Wireframing,Sketch,User Testing,Figma,HTML,CSS,Communication",0,Bachelor,Design,Los Angeles
UX Designer,"Prototyping,Sketch,Adobe XD,UX Research,CSS,Figma,HTML,Wireframing",2,Bachelor,Design,Austin
UX Designer,"Figma,Wireframing,User Testing,Prototyping,Adobe XD,Sketch,UX Research",6,Bachelor,Design,San Francisco
UX Designer,"HTML,User Testing,Prototyping,Figma,CSS,Wireframing,Communication,Sketch",2,Bachelor,Design,Kolkata
UX Designer,"Prototyping,Wireframing,CSS,Sketch,Figma,HTML",2,Bachelor,Design,New York
UX Designer,"Figma,HTML,CSS,Communication,Sketch,User Testing,Wireframing,Prototyping",1,Bachelor,Design,Chennai
UX Designer,"Communication,Prototyping,User Testing,UX Research,Sketch,Adobe XD,Wireframing,CSS,Figma",5,Bachelor,Design,Atlanta
UX Designer,"Communication,Prototyping,Sketch,Adobe XD,UX Research,Wireframing,HTML,CSS,Figma,User Testing",4,Bachelor,Design,Gurgaon
UX Designer,"Figma,Adobe XD,UX Research,Sketch,HTML,Communication,User Testing,Prototyping",5,Bachelor,Design,Los Angeles
UX Designer,"UX Research,Communication,Prototyping,Wireframing,Adobe XD,User Testing,HTML,Figma,Sketch",5,Bachelor,Design,Remote
UX Designer,"Communication,CSS,Sketch,Prototyping,Wireframing,Adobe XD,User Testing,UX Research",0,Bachelor,Design,Noida
UX Designer,"Wireframing,UX Research,Communication,Figma,HTML",5,Bachelor,Design,Delhi
UX Designer,"Prototyping,Adobe XD,Figma,HTML,Wireframing,Sketch,User Testing",0,Bachelor,Design,Boston
UX Designer,"CSS,Adobe XD,HTML,Figma,Sketch,User Testing,Prototyping",4,Bachelor,Design,Chicago
UX Designer,"Prototyping,Wireframing,UX Research,HTML,Adobe XD,CSS,User Testing",5,Bachelor,Design,Seattle
UX Designer,"CSS,Adobe XD,Communication,Wireframing,Sketch,Figma,User Testing",3,Bachelor,Design,Mumbai
UX Designer,"User Testing,Figma,CSS,Prototyping,Communication,Adobe XD",3,Bachelor,Design,Chennai
UX Designer,"CSS,UX Research,HTML,Figma,Prototyping,Communication,Adobe XD,Wireframing,Sketch",0,Bachelor,Design,Delhi
UX Designer,"Communication,Prototyping,Wireframing,Sketch,Adobe XD,UX Research",2,Bachelor,Design,Mumbai
UX Designer,"HTML,Adobe XD,Wireframing,User Testing,Communication,UX Research,Prototyping",0,Bachelor,Design,New York
UX Designer,"Adobe XD,Figma,User Testing,CSS,Sketch",5,Bachelor,Design,Atlanta
UX Designer,"Communication,User Testing,Adobe XD,Prototyping,Sketch,UX Research,CSS,Wireframing",3,Bachelor,Design,Mumbai
UX Designer,"UX Research,User Testing,Wireframing,Communication,CSS,Sketch,Adobe XD,HTML,Figma,Prototyping",0,Bachelor,Design,Gurgaon
UX Designer,"Adobe XD,Sketch,Figma,UX Research,Wireframing,Prototyping",6,Bachelor,Design,Chicago
UX Designer,"User Testing,Communication,Prototyping,HTML,CSS,Sketch,UX Research,Figma,Wireframing,Adobe XD",4,Bachelor,Design,Chicago
UX Designer,"Wireframing,Communication,Adobe XD,CSS,UX Research,Sketch,Figma,HTML,User Testing",2,Bachelor,Design,Delhi
UX Designer,"Prototyping,UX Research,CSS,Wireframing,HTML,User Testing",5,Bachelor,Design,Hyderabad
UX Designer,"Prototyping,Adobe XD,CSS,HTML,UX Research,Sketch,Communication,User Testing,Figma,Wireframing",6,Bachelor,Design,Hyderabad
UX Designer,"Sketch,CSS,Communication,Wireframing,User Testing",4,Bachelor,Design,Seattle
UX Designer,"Sketch,UX Research,Adobe XD,CSS,Prototyping,Communication,Wireframing,User Testing",4,Bachelor,Design,San Francisco
UX Designer,"Figma,CSS,Communication,HTML,Prototyping",5,Bachelor,Design,Coimbatore
UX Designer,"UX Research,CSS,HTML,Wireframing,Communication,Figma,Sketch",2,Bachelor,Design,Denver
UX Designer,"Adobe XD,HTML,User Testing,UX Research,Wireframing",5,Bachelor,Design,Mumbai
UX Designer,"Sketch,Wireframing,Communication,UX Research,User Testing,CSS",1,Bachelor,Design,Delhi
UX Designer,"Figma,Wireframing,Communication,User Testing,Sketch,HTML,Adobe XD,UX Research",3,Bachelor,Design,New York
UX Designer,"HTML,UX Research,User Testing,CSS,Adobe XD,Wireframing,Prototyping,Communication,Figma,Sketch",1,Bachelor,Design,Atlanta
UX Designer,"HTML,Prototyping,Figma,UX Research,User Testing,Communication",1,Bachelor,Design,Mumbai
UX Designer,"HTML,Wireframing,Adobe XD,Sketch,Communication,CSS,UX Research,Figma",5,Bachelor,Design,Pune
UX Designer,"Figma,Communication,Wireframing,Adobe XD,User Testing,HTML,CSS,UX Research,Sketch",5,Bachelor,Design,Gurgaon
UX Designer,"CSS,HTML,Sketch,User Testing,Adobe XD,Communication,UX Research,Prototyping,Figma,Wireframing",2,Bachelor,Design,Pune
UX Designer,"Sketch,Wireframing,Adobe XD,HTML,Communication,User Testing,CSS,Prototyping,Figma",6,Bachelor,Design,Delhi
UX Designer,"Prototyping,Figma,User Testing,Wireframing,UX Research,HTML",2,Bachelor,Design,Chicago
UX Designer,"Prototyping,CSS,Communication,User Testing,Sketch,Figma,HTML,Wireframing,UX Research",0,Bachelor,Design,Pune
UX Designer,"CSS,Sketch,HTML,Communication,UX Research,Figma,Wireframing",4,Bachelor,Design,Chennai
UX Designer,"Sketch,CSS,Communication,User Testing,Figma,Wireframing,Adobe XD,Prototyping,HTML",4,Bachelor,Design,Austin
UX Designer,"CSS,Prototyping,Adobe XD,Figma,Wireframing,Communication,HTML",5,Bachelor,Design,Chennai
UX Designer,"Sketch,CSS,Prototyping,HTML,UX Research,Adobe XD,User Testing,Wireframing",5,Bachelor,Design,Chicago
Data Engineer,"ETL,AWS,Airflow,Kafka,Spark,PostgreSQL,Python,Scala,SQL,Hadoop",1,Bachelor,Technology,Atlanta
Data Engineer,"SQL,Airflow,Spark,Hadoop,Scala,ETL",0,Bachelor,Technology,Pune
Data Engineer,"Spark,Kafka,Scala,Hadoop,SQL,Python,AWS,PostgreSQL,ETL",5,Bachelor,Technology,Chicago
Data Engineer,"PostgreSQL,Scala,SQL,AWS,Kafka,Hadoop",4,Bachelor,Technology,Kolkata
Data Engineer,"SQL,ETL,PostgreSQL,Hadoop,Python,Scala,AWS,Spark,Kafka",4,Bachelor,Technology,Denver
Data Engineer,"PostgreSQL,ETL,Scala,Hadoop,Airflow,AWS,Kafka",0,Bachelor,Technology,Bangalore
Data Engineer,"Airflow,Scala,SQL,Kafka,Spark,ETL",1,Bachelor,Technology,Denver
Data Engineer,"Airflow,SQL,AWS,Scala,Spark,Kafka",3,Bachelor,Technology,Chennai
Data Engineer,"PostgreSQL,Scala,Airflow,Spark,Kafka,AWS,Python",3,Bachelor,Technology,Pune
Data Engineer,"Hadoop,Scala,Spark,ETL,SQL,AWS,PostgreSQL,Python,Kafka,Airflow",0,Bachelor,Technology,Atlanta
Data Engineer,"Airflow,Hadoop,Python,ETL,PostgreSQL,Kafka",0,Bachelor,Technology,Bangalore
Data Engineer,"Hadoop,Python,PostgreSQL,ETL,Airflow,SQL,Kafka,Scala",2,Bachelor,Technology,Noida
Data Engineer,"SQL,PostgreSQL,Hadoop,Kafka,ETL,Scala,Python,Spark",4,Bachelor,Technology,Mumbai
Data Engineer,"Spark,AWS,Hadoop,Scala,SQL,Airflow",5,Bachelor,Technology,Chicago
Data Engineer,"Python,Scala,AWS,Kafka,Spark,PostgreSQL",4,Bachelor,Technology,Chennai
Data Engineer,"Kafka,Airflow,SQL,Hadoop,AWS,ETL,Spark,Python,Scala,PostgreSQL",6,Bachelor,Technology,Chicago
Data Engineer,"Airflow,ETL,Scala,SQL,Python",2,Bachelor,Technology,Kolkata
Data Engineer,"Kafka,ETL,Airflow,SQL,AWS,Python",2,Bachelor,Technology,Remote
Data Engineer,"Python,AWS,ETL,PostgreSQL,Kafka,SQL,Hadoop,Scala,Airflow",2,Bachelor,Technology,Bangalore
Data Engineer,"Scala,Kafka,Python,SQL,Spark,AWS,Airflow",5,Bachelor,Technology,Seattle
Data Engineer,"PostgreSQL,Kafka,Python,SQL,AWS",4,Bachelor,Technology,San Francisco
Data Engineer,"PostgreSQL,SQL,Kafka,Hadoop,ETL",6,Bachelor,Technology,Kolkata
Data Engineer,"Kafka,Spark,Hadoop,ETL,Airflow,Scala,SQL,AWS",1,Bachelor,Technology,Seattle
Data Engineer,"AWS,ETL,Hadoop,PostgreSQL,Airflow,Spark",2,Bachelor,Technology,Denver
Data Engineer,"SQL,Kafka,Hadoop,Spark,AWS,ETL,PostgreSQL,Python",1,Bachelor,Technology,Remote
Data Engineer,"AWS,Scala,Spark,ETL,Airflow,SQL,Kafka",2,Bachelor,Technology,San Francisco
Data Engineer,"SQL,Hadoop,Scala,Spark,Airflow,AWS,Python,PostgreSQL",6,Bachelor,Technology,Los Angeles
Data Engineer,"SQL,Hadoop,Python,Airflow,Scala,AWS,PostgreSQL",5,Bachelor,Technology,Hyderabad
Data Engineer,"Kafka,Spark,Scala,PostgreSQL,ETL",3,Bachelor,Technology,Mumbai
Data Engineer,"PostgreSQL,Scala,ETL,Airflow,AWS,Spark,Python,Hadoop",0,Bachelor,Technology,Coimbatore
Data Engineer,"Hadoop,PostgreSQL,Spark,Kafka,Python,AWS,ETL,Airflow",1,Bachelor,Technology,Denver
Data Engineer,"SQL,Scala,ETL,Spark,AWS,Airflow,Hadoop",2,Bachelor,Technology,Denver
Data Engineer,"PostgreSQL,Scala,Airflow,Hadoop,Spark,Kafka,Python,ETL,SQL",1,Bachelor,Technology,Denver
Data Engineer,"Scala,Kafka,AWS,Spark,Python,SQL,Airflow,ETL",6,Bachelor,Technology,Chicago
Data Engineer,"PostgreSQL,AWS,Hadoop,Spark,Airflow",4,Bachelor,Technology,Seattle
Data Engineer,"Python,Kafka,Airflow,AWS,ETL,PostgreSQL,Spark,Hadoop,SQL,Scala",1,Bachelor,Technology,Gurgaon
Data Engineer,"Python,PostgreSQL,AWS,Kafka,ETL,Airflow,SQL,Spark,Hadoop,Scala",0,Bachelor,Technology,Denver
Data Engineer,"Scala,PostgreSQL,ETL,Hadoop,Python",4,Bachelor,Technology,Coimbatore
Data Engineer,"SQL,PostgreSQL,AWS,Hadoop,Kafka,Scala,Airflow,Spark",3,Bachelor,Technology,Gurgaon
Data Engineer,"Python,Scala,Kafka,ETL,Airflow,SQL,Hadoop",0,Bachelor,Technology,Seattle
Data Engineer,"SQL,ETL,Airflow,Spark,Scala,PostgreSQL,Hadoop,Kafka",4,Bachelor,Technology,Los Angeles
Data Engineer,"SQL,Airflow,Hadoop,Scala,AWS,Spark,ETL,Python",1,Bachelor,Technology,Gurgaon
Data Engineer,"Spark,SQL,AWS,Scala,Hadoop,Kafka,Airflow,ETL",5,Bachelor,Technology,Chicago
Data Engineer,"PostgreSQL,Kafka,Spark,AWS,Scala,ETL,Airflow",6,Bachelor,Technology,Chicago
Data Engineer,"Airflow,PostgreSQL,Scala,Spark,ETL,Python,Kafka",6,Bachelor,Technology,Austin
Data Engineer,"Hadoop,Python,Scala,PostgreSQL,Airflow,SQL,AWS,Spark,ETL,Kafka",3,Bachelor,Technology,Gurgaon
Data Engineer,"Spark,Kafka,PostgreSQL,ETL,Hadoop,AWS,SQL,Airflow,Scala",3,Bachelor,Technology,Hyderabad
Data Engineer,"ETL,Kafka,PostgreSQL,Hadoop,Spark,Scala,AWS,Python,SQL",1,Bachelor,Technology,Pune
Data Engineer,"SQL,Scala,Hadoop,Airflow,Kafka,AWS",0,Bachelor,Technology,Mumbai
Data Engineer,"AWS,Python,Spark,PostgreSQL,Kafka,ETL,Scala",3,Bachelor,Technology,Pune
Data Engineer,"Spark,PostgreSQL,AWS,Scala,Airflow,Kafka,Python,Hadoop,SQL",3,Bachelor,Technology,Austin
Data Engineer,"Python,Spark,Kafka,SQL,PostgreSQL,AWS",5,Bachelor,Technology,Remote
Data Engineer,"Kafka,AWS,SQL,ETL,PostgreSQL,Airflow,Python",6,Bachelor,Technology,Delhi
Data Engineer,"Kafka,PostgreSQL,ETL,Hadoop,Python,AWS,SQL,Spark,Scala,Airflow",1,Bachelor,Technology,Gurgaon
Data Engineer,"AWS,Hadoop,Spark,SQL,PostgreSQL,Python,ETL,Airflow",4,Bachelor,Technology,Atlanta
Data Engineer,"ETL,Spark,Python,AWS,Kafka,SQL,Airflow,Scala",4,Bachelor,Technology,Noida
Data Engineer,"Kafka,Python,Airflow,ETL,SQL,Spark,AWS,Scala,PostgreSQL,Hadoop",1,Bachelor,Technology,Kolkata
Data Engineer,"Hadoop,PostgreSQL,Spark,ETL,Airflow,SQL",4,Bachelor,Technology,Chennai
Data Engineer,"Python,Kafka,ETL,Airflow,PostgreSQL,Scala,Spark,AWS,SQL",0,Bachelor,Technology,Austin
Data Engineer,"Airflow,AWS,Scala,ETL,Kafka,PostgreSQL,Hadoop,SQL,Python,Spark",1,Bachelor,Technology,Mumbai
Data Engineer,"Airflow,Scala,Spark,PostgreSQL,ETL,SQL,Hadoop,AWS,Python",6,Bachelor,Technology,San Francisco
Data Engineer,"Hadoop,PostgreSQL,Airflow,AWS,ETL",2,Bachelor,Technology,Los Angeles
Data Engineer,"AWS,Hadoop,SQL,Kafka,PostgreSQL",4,Bachelor,Technology,Austin
Data Engineer,"SQL,Kafka,Hadoop,Spark,Scala,Airflow,PostgreSQL,Python,ETL,AWS",2,Bachelor,Technology,Bangalore
Data Engineer,"Kafka,Spark,PostgreSQL,AWS,Python,Airflow,Scala",2,Bachelor,Technology,Pune
Data Engineer,"Hadoop,Airflow,PostgreSQL,Scala,Spark,ETL",0,Bachelor,Technology,Bangalore
Data Engineer,"Airflow,PostgreSQL,AWS,Kafka,Spark,Scala,Python",3,Bachelor,Technology,Gurgaon
Data Engineer,"Hadoop,Python,PostgreSQL,Airflow,AWS,ETL,SQL,Kafka,Scala",0,Bachelor,Technology,Noida
NLP Engineer,"NLP,Scikit-learn,Python,Hugging Face,TensorFlow,PyTorch",4,Master,Technology,Denver
NLP Engineer,"Python,Machine Learning,PyTorch,Transformers,Deep Learning,Hugging Face,BERT,Scikit-learn,NLP,TensorFlow",0,Master,Technology,Austin
NLP Engineer,"Hugging Face,Scikit-learn,Python,TensorFlow,Machine Learning,Deep Learning,Transformers",0,Master,Technology,Austin
NLP Engineer,"PyTorch,NLP,Python,BERT,Deep Learning,TensorFlow,Machine Learning",1,Master,Technology,Hyderabad
NLP Engineer,"NLP,Python,BERT,Deep Learning,Machine Learning,PyTorch,Scikit-learn,Hugging Face",4,Master,Technology,Kolkata
NLP Engineer,"Python,TensorFlow,Transformers,Deep Learning,Machine Learning,BERT,Hugging Face,NLP,Scikit-learn",6,Master,Technology,New York
NLP Engineer,"Transformers,NLP,PyTorch,Hugging Face,TensorFlow,Deep Learning,Python,BERT",6,Master,Technology,Chicago
NLP Engineer,"TensorFlow,BERT,NLP,Python,Transformers,Hugging Face,Scikit-learn,PyTorch,Machine Learning,Deep Learning",0,Master,Technology,Denver
NLP Engineer,"BERT,TensorFlow,Hugging Face,Deep Learning,PyTorch,Scikit-learn,Python,Transformers",1,Master,Technology,Denver
NLP Engineer,"Scikit-learn,PyTorch,Deep Learning,BERT,Hugging Face,Python",5,Master,Technology,Mumbai
NLP Engineer,"BERT,PyTorch,Transformers,Hugging Face,NLP,Machine Learning,TensorFlow,Deep Learning,Scikit-learn,Python",3,Master,Technology,Remote
NLP Engineer,"TensorFlow,Scikit-learn,Python,NLP,Transformers,BERT,Machine Learning,Hugging Face",2,Master,Technology,Bangalore
NLP Engineer,"Scikit-learn,Transformers,TensorFlow,BERT,Machine Learning,NLP,Hugging Face",6,Master,Technology,Gurgaon
NLP Engineer,"Machine Learning,NLP,Python,PyTorch,Deep Learning,Scikit-learn,TensorFlow",2,Master,Technology,Hyderabad
NLP Engineer,"Deep Learning,TensorFlow,BERT,Scikit-learn,Hugging Face,Transformers,PyTorch",3,Master,Technology,Noida
NLP Engineer,"BERT,Scikit-learn,Deep Learning,PyTorch,Transformers,Machine Learning,TensorFlow,Python",1,Master,Technology,Kolkata
NLP Engineer,"PyTorch,Hugging Face,Scikit-learn,BERT,Transformers,Deep Learning",2,Master,Technology,Pune
NLP Engineer,"Transformers,Machine Learning,BERT,TensorFlow,Scikit-learn,PyTorch",2,Master,Technology,Noida
NLP Engineer,"Hugging Face,TensorFlow,Python,BERT,PyTorch,Scikit-learn,Transformers,NLP",0,Master,Technology,Delhi
NLP Engineer,"Scikit-learn,TensorFlow,Hugging Face,Deep Learning,Python,PyTorch,Machine Learning,BERT,NLP",4,Master,Technology,Austin
NLP Engineer,"Python,Deep Learning,TensorFlow,Transformers,Hugging Face,BERT",0,Master,Technology,Austin
NLP Engineer,"Scikit-learn,Deep Learning,Transformers,NLP,BERT,PyTorch",6,Master,Technology,Chicago
NLP Engineer,"Hugging Face,Machine Learning,NLP,Deep Learning,PyTorch,TensorFlow,Transformers",6,Master,Technology,Boston
NLP Engineer,"Machine Learning,Scikit-learn,Hugging Face,NLP,TensorFlow,Python,BERT,Transformers",0,Master,Technology,Boston
NLP Engineer,"TensorFlow,Hugging Face,Python,Scikit-learn,Deep Learning,BERT,NLP,PyTorch",0,Master,Technology,Denver
NLP Engineer,"Python,Hugging Face,PyTorch,Scikit-learn,BERT,Deep Learning,TensorFlow,Machine Learning,NLP,Transformers",1,Master,Technology,Bangalore
NLP Engineer,"Machine Learning,BERT,Hugging Face,NLP,Transformers,Scikit-learn,Deep Learning,TensorFlow",5,Master,Technology,San Francisco
NLP Engineer,"Hugging Face,Deep Learning,Machine Learning,Scikit-learn,Transformers,NLP,Python,PyTorch,TensorFlow,BERT",5,Master,Technology,Boston
NLP Engineer,"Transformers,Deep Learning,Python,NLP,Machine Learning,TensorFlow,PyTorch,Scikit-learn,Hugging Face,BERT",6,Master,Technology,Kolkata
NLP Engineer,"NLP,Scikit-learn,BERT,Hugging Face,Python,Transformers,Machine Learning,Deep Learning,TensorFlow,PyTorch",0,Master,Technology,Pune
NLP Engineer,"BERT,Machine Learning,Deep Learning,Hugging Face,Scikit-learn,NLP,Python,Transformers,TensorFlow",2,Master,Technology,Mumbai
NLP Engineer,"BERT,Deep Learning,NLP,Hugging Face,Python,Transformers,Machine Learning,Scikit-learn,PyTorch",6,Master,Technology,Seattle
NLP Engineer,"NLP,Hugging Face,Scikit-learn,Transformers,Python,Machine Learning",0,Master,Technology,Los Angeles
NLP Engineer,"PyTorch,Deep Learning,Machine Learning,NLP,TensorFlow,Python,Scikit-learn,Hugging Face,BERT,Transformers",4,Master,Technology,Los Angeles
NLP Engineer,"Hugging Face,Scikit-learn,NLP,Python,BERT,PyTorch,Machine Learning,TensorFlow,Deep Learning",1,Master,Technology,Bangalore
NLP Engineer,"Python,Machine Learning,TensorFlow,Scikit-learn,Hugging Face",1,Master,Technology,Atlanta
NLP Engineer,"PyTorch,BERT,Scikit-learn,TensorFlow,Hugging Face,Transformers,NLP,Machine Learning",0,Master,Technology,San Francisco
NLP Engineer,"Machine Learning,TensorFlow,Hugging Face,Python,Deep Learning",0,Master,Technology,New York
NLP Engineer,"PyTorch,NLP,Deep Learning,BERT,Scikit-learn,Machine Learning,Transformers,Hugging Face,Python,TensorFlow",1,Master,Technology,Hyderabad
NLP Engineer,"Python,BERT,Transformers,Deep Learning,Machine Learning,NLP",1,Master,Technology,Denver
NLP Engineer,"PyTorch,TensorFlow,BERT,NLP,Python,Transformers,Scikit-learn,Hugging Face,Machine Learning,Deep Learning",2,Master,Technology,Pune
NLP Engineer,"Scikit-learn,TensorFlow,Deep Learning,Hugging Face,Python,PyTorch,Transformers,BERT,Machine Learning",2,Master,Technology,Gurgaon
NLP Engineer,"Python,Deep Learning,TensorFlow,Scikit-learn,PyTorch,NLP,Machine Learning,Transformers,Hugging Face",6,Master,Technology,Boston
NLP Engineer,"TensorFlow,Scikit-learn,Python,Machine Learning,BERT,Transformers",4,Master,Technology,Gurgaon
NLP Engineer,"PyTorch,NLP,Machine Learning,Deep Learning,TensorFlow,Transformers,Hugging Face,Scikit-learn,Python",0,Master,Technology,Mumbai
NLP Engineer,"NLP,Deep Learning,Python,PyTorch,TensorFlow,BERT,Machine Learning",4,Master,Technology,Hyderabad
Computer Vision Engineer,"Scikit-learn,PyTorch,Python,Machine Learning,OpenCV,Image Processing,YOLO,TensorFlow",6,Master,Technology,Atlanta
Computer Vision Engineer,"Image Processing,PyTorch,TensorFlow,YOLO,Machine Learning,NumPy,Scikit-learn,Deep Learning,OpenCV",1,Master,Technology,Los Angeles
Computer Vision Engineer,"Machine Learning,Image Processing,PyTorch,OpenCV,Deep Learning,TensorFlow,Python",0,Master,Technology,Delhi
Computer Vision Engineer,"PyTorch,Image Processing,Machine Learning,TensorFlow,YOLO,Deep Learning,OpenCV,Python,Scikit-learn",1,Master,Technology,Hyderabad
Computer Vision Engineer,"Image Processing,Machine Learning,Scikit-learn,TensorFlow,Deep Learning,Python",2,Master,Technology,New York
Computer Vision Engineer,"Machine Learning,NumPy,Image Processing,PyTorch,Deep Learning",4,Master,Technology,Atlanta
Computer Vision Engineer,"YOLO,Machine Learning,TensorFlow,Scikit-learn,OpenCV",1,Master,Technology,Noida
Computer Vision Engineer,"YOLO,Deep Learning,TensorFlow,OpenCV,Machine Learning,Scikit-learn,Image Processing",2,Master,Technology,Remote
Computer Vision Engineer,"PyTorch,NumPy,OpenCV,YOLO,Scikit-learn,TensorFlow,Machine Learning,Deep Learning,Image Processing",3,Master,Technology,Pune
Computer Vision Engineer,"PyTorch,Python,Image Processing,TensorFlow,YOLO,NumPy,Machine Learning",4,Master,Technology,Denver
Computer Vision Engineer,"Deep Learning,TensorFlow,Scikit-learn,OpenCV,NumPy,Machine Learning,Image Processing,PyTorch,Python,YOLO",3,Master,Technology,Chicago
Computer Vision Engineer,"Scikit-learn,YOLO,TensorFlow,Machine Learning,Deep Learning,NumPy,Python,OpenCV",0,Master,Technology,Los Angeles
Computer Vision Engineer,"Scikit-learn,Deep Learning,Python,PyTorch,TensorFlow,Image Processing",5,Master,Technology,Gurgaon
Computer Vision Engineer,"Python,Image Processing,YOLO,Deep Learning,Scikit-learn",0,Master,Technology,Los Angeles
Computer Vision Engineer,"Deep Learning,Machine Learning,TensorFlow,OpenCV,Python",2,Master,Technology,New York
Computer Vision Engineer,"Python,TensorFlow,Scikit-learn,Machine Learning,OpenCV,Image Processing",2,Master,Technology,Chennai
Computer Vision Engineer,"Deep Learning,Image Processing,YOLO,Machine Learning,TensorFlow,NumPy,PyTorch,Python,OpenCV,Scikit-learn",5,Master,Technology,Seattle
Computer Vision Engineer,"Deep Learning,TensorFlow,YOLO,PyTorch,NumPy,Image Processing,Scikit-learn,Python,OpenCV,Machine Learning",0,Master,Technology,Austin
Computer Vision Engineer,"Machine Learning,Image Processing,PyTorch,NumPy,Deep Learning,OpenCV,Scikit-learn",0,Master,Technology,Seattle
Computer Vision Engineer,"Image Processing,TensorFlow,Python,Deep Learning,YOLO,OpenCV,Machine Learning,Scikit-learn,PyTorch,NumPy",3,Master,Technology,Noida
Computer Vision Engineer,"TensorFlow,OpenCV,Image Processing,Scikit-learn,Deep Learning,Machine Learning",3,Master,Technology,Delhi
Computer Vision Engineer,"Python,TensorFlow,NumPy,PyTorch,Image Processing,Machine Learning,OpenCV",6,Master,Technology,Austin
Computer Vision Engineer,"YOLO,Deep Learning,PyTorch,OpenCV,Scikit-learn,Machine Learning,NumPy,Image Processing",2,Master,Technology,Noida
Computer Vision Engineer,"Python,TensorFlow,Image Processing,OpenCV,YOLO,PyTorch,Deep Learning,Scikit-learn,Machine Learning",6,Master,Technology,Los Angeles
Computer Vision Engineer,"Machine Learning,TensorFlow,NumPy,OpenCV,Deep Learning,Image Processing,PyTorch,Scikit-learn,Python,YOLO",1,Master,Technology,Hyderabad
Computer Vision Engineer,"Image Processing,Scikit-learn,YOLO,OpenCV,Machine Learning,NumPy,Python,TensorFlow",5,Master,Technology,New York
Computer Vision Engineer,"Image Processing,YOLO,Python,Deep Learning,Machine Learning,PyTorch",1,Master,Technology,Noida
Computer Vision Engineer,"Scikit-learn,Python,OpenCV,YOLO,Deep Learning,NumPy,PyTorch,Image Processing,TensorFlow",1,Master,Technology,Los Angeles
Computer Vision Engineer,"Machine Learning,PyTorch,NumPy,Image Processing,YOLO,Deep Learning,Scikit-learn,OpenCV",6,Master,Technology,Coimbatore
Computer Vision Engineer,"NumPy,OpenCV,Deep Learning,TensorFlow,Image Processing,Machine Learning",3,Master,Technology,San Francisco
Computer Vision Engineer,"TensorFlow,NumPy,Image Processing,Machine Learning,OpenCV,YOLO",2,Master,Technology,Hyderabad
Computer Vision Engineer,"Machine Learning,PyTorch,Image Processing,Python,NumPy,OpenCV,Scikit-learn,Deep Learning,TensorFlow",3,Master,Technology,Mumbai
Computer Vision Engineer,"OpenCV,Image Processing,Python,NumPy,Scikit-learn,PyTorch,TensorFlow,YOLO,Machine Learning",6,Master,Technology,Remote
Computer Vision Engineer,"NumPy,PyTorch,TensorFlow,Image Processing,OpenCV,Scikit-learn,Machine Learning",6,Master,Technology,Remote
Computer Vision Engineer,"YOLO,NumPy,PyTorch,OpenCV,Image Processing,Machine Learning,TensorFlow",3,Master,Technology,Chennai
Computer Vision Engineer,"NumPy,YOLO,Python,PyTorch,Image Processing,TensorFlow,Machine Learning,Scikit-learn,Deep Learning,OpenCV",0,Master,Technology,Chicago
Computer Vision Engineer,"Machine Learning,Image Processing,NumPy,TensorFlow,OpenCV,Deep Learning,Python,YOLO",2,Master,Technology,Chicago
Computer Vision Engineer,"Image Processing,Machine Learning,Deep Learning,YOLO,OpenCV,Scikit-learn,NumPy,TensorFlow,PyTorch",6,Master,Technology,Denver
Computer Vision Engineer,"Scikit-learn,Machine Learning,Deep Learning,TensorFlow,PyTorch,Image Processing,NumPy,Python",1,Master,Technology,Bangalore
Computer Vision Engineer,"Python,Image Processing,Machine Learning,Scikit-learn,Deep Learning,OpenCV,NumPy,YOLO",4,Master,Technology,Noida
Computer Vision Engineer,"Scikit-learn,PyTorch,NumPy,Image Processing,Deep Learning,OpenCV,Python,Machine Learning",5,Master,Technology,Coimbatore
Computer Vision Engineer,"Python,Machine Learning,PyTorch,TensorFlow,NumPy,Image Processing",2,Master,Technology,Coimbatore
Computer Vision Engineer,"PyTorch,TensorFlow,Scikit-learn,Machine Learning,OpenCV,Python",0,Master,Technology,Noida
Computer Vision Engineer,"PyTorch,Python,YOLO,OpenCV,Image Processing",3,Master,Technology,Atlanta
Computer Vision Engineer,"Deep Learning,YOLO,Image Processing,OpenCV,TensorFlow,Python,Machine Learning,NumPy",0,Master,Technology,Atlanta
Computer Vision Engineer,"OpenCV,Python,PyTorch,Scikit-learn,Image Processing,TensorFlow,Machine Learning,Deep Learning,YOLO,NumPy",5,Master,Technology,Coimbatore
Computer Vision Engineer,"Deep Learning,Image Processing,Machine Learning,PyTorch,Python,NumPy,OpenCV,Scikit-learn,YOLO",1,Master,Technology,Seattle
Computer Vision Engineer,"Python,Deep Learning,YOLO,TensorFlow,Machine Learning,Image Processing,Scikit-learn",0,Master,Technology,Seattle
Computer Vision Engineer,"YOLO,PyTorch,Machine Learning,Python,OpenCV,Deep Learning,Image Processing,TensorFlow,Scikit-learn,NumPy",2,Master,Technology,Mumbai
Computer Vision Engineer,"Image Processing,Machine Learning,NumPy,Python,YOLO,Deep Learning,OpenCV,Scikit-learn",4,Master,Technology,Chennai
Computer Vision Engineer,"YOLO,Scikit-learn,NumPy,Python,Image Processing,Deep Learning,PyTorch,OpenCV",5,Master,Technology,Seattle
Computer Vision Engineer,"NumPy,OpenCV,Image Processing,TensorFlow,PyTorch,YOLO,Python,Scikit-learn,Machine Learning",6,Master,Technology,Los Angeles
Computer Vision Engineer,"Machine Learning,NumPy,Image Processing,Python,PyTorch,Scikit-learn,OpenCV,YOLO,Deep Learning,TensorFlow",4,Master,Technology,Chennai
Computer Vision Engineer,"Scikit-learn,Machine Learning,NumPy,Image Processing,YOLO,TensorFlow",4,Master,Technology,Boston
Computer Vision Engineer,"Deep Learning,TensorFlow,OpenCV,NumPy,Python,Image Processing,Machine Learning,YOLO",2,Master,Technology,Seattle
Computer Vision Engineer,"Python,Image Processing,OpenCV,Scikit-learn,NumPy,PyTorch,TensorFlow",0,Master,Technology,Seattle
Computer Vision Engineer,"Image Processing,Scikit-learn,Python,YOLO,TensorFlow,OpenCV",1,Master,Technology,Pune
Computer Vision Engineer,"Machine Learning,Scikit-learn,Image Processing,Deep Learning,PyTorch,Python,NumPy,YOLO",4,Master,Technology,Chicago
Computer Vision Engineer,"YOLO,PyTorch,TensorFlow,Python,OpenCV",2,Master,Technology,Denver
Computer Vision Engineer,"Machine Learning,Image Processing,YOLO,TensorFlow,NumPy,OpenCV,Python,Deep Learning,Scikit-learn,PyTorch",6,Master,Technology,Mumbai
Computer Vision Engineer,"Scikit-learn,OpenCV,YOLO,NumPy,PyTorch,Deep Learning,Image Processing,Python,TensorFlow,Machine Learning",0,Master,Technology,Bangalore
Computer Vision Engineer,"Deep Learning,Python,Scikit-learn,Machine Learning,OpenCV,YOLO,PyTorch,Image Processing,TensorFlow,NumPy",6,Master,Technology,Mumbai
Computer Vision Engineer,"NumPy,TensorFlow,Machine Learning,Deep Learning,YOLO,Python,PyTorch,Image Processing",0,Master,Technology,San Francisco
Computer Vision Engineer,"Image Processing,NumPy,PyTorch,TensorFlow,Machine Learning,Python,Scikit-learn,Deep Learning,OpenCV,YOLO",3,Master,Technology,Chennai
Computer Vision Engineer,"Machine Learning,Deep Learning,PyTorch,Python,OpenCV",4,Master,Technology,Atlanta
Computer Vision Engineer,"OpenCV,Image Processing,Deep Learning,TensorFlow,NumPy,PyTorch,Machine Learning,Python,YOLO,Scikit-learn",2,Master,Technology,Remote
Research Scientist,"Publication,PyTorch,Python,Deep Learning,TensorFlow,Scikit-learn,Research",5,PhD,Research,Mumbai
Research Scientist,"Deep Learning,Scikit-learn,Python,Publication,Statistics,NumPy",0,PhD,Research,Atlanta
Research Scientist,"Deep Learning,PyTorch,Scikit-learn,Research,Publication,NumPy,Machine Learning,TensorFlow",6,PhD,Research,Bangalore
Research Scientist,"PyTorch,Python,Publication,TensorFlow,Scikit-learn,Deep Learning",1,PhD,Research,Boston
Research Scientist,"Scikit-learn,Deep Learning,PyTorch,Publication,Machine Learning",1,PhD,Research,Gurgaon
Research Scientist,"PyTorch,Machine Learning,Statistics,Deep Learning,NumPy,Python,TensorFlow,Scikit-learn,Research,Publication",1,PhD,Research,Boston
Research Scientist,"PyTorch,Deep Learning,NumPy,Scikit-learn,Machine Learning,Statistics",5,PhD,Research,Boston
Research Scientist,"Research,Deep Learning,Machine Learning,Statistics,NumPy,TensorFlow,PyTorch,Python,Publication,Scikit-learn",4,PhD,Research,Remote
Research Scientist,"Research,PyTorch,Statistics,NumPy,Publication,Python,Scikit-learn",2,PhD,Research,Seattle
Research Scientist,"Research,PyTorch,Publication,Machine Learning,TensorFlow,Scikit-learn",3,PhD,Research,Mumbai
Research Scientist,"Publication,TensorFlow,NumPy,Machine Learning,Research",5,PhD,Research,Chicago
Research Scientist,"PyTorch,Machine Learning,Deep Learning,Publication,NumPy,Research,TensorFlow,Statistics",5,PhD,Research,Delhi
Research Scientist,"Deep Learning,Scikit-learn,NumPy,PyTorch,Publication,Machine Learning,TensorFlow,Python,Research,Statistics",6,PhD,Research,Chicago
Research Scientist,"Publication,Machine Learning,TensorFlow,Python,PyTorch,NumPy,Research,Scikit-learn,Deep Learning,Statistics",2,PhD,Research,Kolkata
Research Scientist,"Python,Deep Learning,PyTorch,Scikit-learn,Research",3,PhD,Research,Chicago
Research Scientist,"Research,TensorFlow,Scikit-learn,Python,PyTorch",6,PhD,Research,New York
Research Scientist,"PyTorch,TensorFlow,Publication,Statistics,Python",2,PhD,Research,Pune
Research Scientist,"NumPy,Deep Learning,Python,Publication,Research,Statistics,Machine Learning,TensorFlow",0,PhD,Research,San Francisco
Research Scientist,"Deep Learning,Scikit-learn,Publication,TensorFlow,PyTorch,NumPy,Research",4,PhD,Research,Delhi
Research Scientist,"Machine Learning,Scikit-learn,Publication,Deep Learning,Research",3,PhD,Research,Gurgaon
Research Scientist,"Statistics,TensorFlow,Machine Learning,Scikit-learn,PyTorch,Research,NumPy,Publication",2,PhD,Research,Los Angeles
Research Scientist,"PyTorch,Statistics,Research,NumPy,Publication,Scikit-learn,Python,Deep Learning,Machine Learning,TensorFlow",1,PhD,Research,Pune
Research Scientist,"Scikit-learn,TensorFlow,Deep Learning,Statistics,PyTorch,Publication,Research,NumPy,Machine Learning",4,PhD,Research,Chennai
Research Scientist,"Machine Learning,TensorFlow,NumPy,Scikit-learn,PyTorch,Research,Python",4,PhD,Research,Noida
Research Scientist,"TensorFlow,Machine Learning,Deep Learning,Python,Statistics,PyTorch,Publication",2,PhD,Research,Coimbatore
Research Scientist,"Machine Learning,Python,Scikit-learn,Statistics,Research,TensorFlow",3,PhD,Research,Los Angeles
Research Scientist,"Statistics,Publication,Machine Learning,TensorFlow,NumPy",1,PhD,Research,Boston
Research Scientist,"PyTorch,Statistics,Research,Python,Machine Learning,NumPy,Deep Learning,Publication,TensorFlow",1,PhD,Research,Coimbatore
Research Scientist,"Deep Learning,Statistics,Machine Learning,Scikit-learn,Research,TensorFlow",4,PhD,Research,New York
Research Scientist,"NumPy,Python,Deep Learning,Scikit-learn,PyTorch,Machine Learning,Publication,Research",6,PhD,Research,Los Angeles
Research Scientist,"Deep Learning,Python,Research,TensorFlow,Machine Learning",4,PhD,Research,Los Angeles
Research Scientist,"NumPy,Publication,Research,TensorFlow,Scikit-learn,Deep Learning,PyTorch,Statistics,Machine Learning,Python",6,PhD,Research,Mumbai
Research Scientist,"Research,NumPy,PyTorch,Machine Learning,Statistics,TensorFlow,Deep Learning,Scikit-learn,Python,Publication",1,PhD,Research,Delhi
Research Scientist,"Publication,Machine Learning,Deep Learning,Statistics,Python",5,PhD,Research,San Francisco
Research Scientist,"Scikit-learn,TensorFlow,NumPy,PyTorch,Machine Learning",4,PhD,Research,Seattle
Research Scientist,"Machine Learning,Python,Deep Learning,PyTorch,Research,Publication,Scikit-learn,NumPy,Statistics,TensorFlow",4,PhD,Research,Pune
Research Scientist,"Deep Learning,TensorFlow,NumPy,Research,Machine Learning",1,PhD,Research,Hyderabad
Research Scientist,"Machine Learning,Publication,Scikit-learn,Deep Learning,Python,NumPy,TensorFlow,Statistics,PyTorch,Research",5,PhD,Research,Bangalore
Research Scientist,"Deep Learning,Python,TensorFlow,Scikit-learn,Publication,Research,NumPy,Statistics",3,PhD,Research,Kolkata
Research Scientist,"Publication,TensorFlow,PyTorch,Research,Statistics,Deep Learning",6,PhD,Research,Pune
Research Scientist,"Statistics,Scikit-learn,TensorFlow,Research,Machine Learning,Python,Deep Learning,PyTorch,Publication,NumPy",1,PhD,Research,Boston
Research Scientist,"PyTorch,TensorFlow,Scikit-learn,Deep Learning,Statistics",5,PhD,Research,Coimbatore
Research Scientist,"PyTorch,NumPy,Publication,TensorFlow,Machine Learning,Scikit-learn,Research,Deep Learning,Statistics",1,PhD,Research,San Francisco
Research Scientist,"PyTorch,Publication,Statistics,TensorFlow,Machine Learning",1,PhD,Research,Hyderabad
Research Scientist,"Research,Machine Learning,Scikit-learn,Publication,Statistics,Python,Deep Learning,NumPy,TensorFlow",3,PhD,Research,Coimbatore
Research Scientist,"Research,Machine Learning,Statistics,Python,Scikit-learn,PyTorch,NumPy",5,PhD,Research,Bangalore
Research Scientist,"Machine Learning,Statistics,TensorFlow,Research,Publication,Python,Deep Learning",3,PhD,Research,Pune
Research Scientist,"NumPy,Deep Learning,PyTorch,Python,Research",3,PhD,Research,Atlanta
Research Scientist,"Python,Research,Statistics,Machine Learning,PyTorch,Scikit-learn,TensorFlow,NumPy,Publication",0,PhD,Research,New York
Research Scientist,"Publication,TensorFlow,Python,Deep Learning,NumPy,Scikit-learn,Statistics,Research,Machine Learning,PyTorch",1,PhD,Research,Los Angeles
Research Scientist,"NumPy,Deep Learning,Python,TensorFlow,Publication,Statistics",6,PhD,Research,Bangalore
Research Scientist,"Research,Statistics,Scikit-learn,Deep Learning,TensorFlow,Machine Learning,Publication",6,PhD,Research,Austin
Research Scientist,"PyTorch,Scikit-learn,Statistics,Machine Learning,NumPy,Deep Learning,Publication,TensorFlow,Research,Python",3,PhD,Research,Remote
Research Scientist,"Machine Learning,Scikit-learn,Statistics,NumPy,Python,Research,TensorFlow,Publication",5,PhD,Research,Seattle
Research Scientist,"Publication,NumPy,PyTorch,Machine Learning,Deep Learning,Scikit-learn",0,PhD,Research,Delhi
Research Scientist,"TensorFlow,Research,Deep Learning,Python,PyTorch,Scikit-learn,Publication,NumPy,Machine Learning,Statistics",6,PhD,Research,Boston
Research Scientist,"TensorFlow,Research,PyTorch,Scikit-learn,Statistics,Python,NumPy",2,PhD,Research,Coimbatore
Research Scientist,"Research,NumPy,Machine Learning,Publication,TensorFlow,Scikit-learn,Python,PyTorch",0,PhD,Research,Atlanta
Research Scientist,"Research,PyTorch,Scikit-learn,Statistics,Publication,Python",3,PhD,Research,New York
Research Scientist,"Statistics,Research,NumPy,TensorFlow,PyTorch,Publication,Scikit-learn",6,PhD,Research,Pune
Research Scientist,"Machine Learning,Publication,TensorFlow,Deep Learning,Statistics,Scikit-learn,Python,Research",2,PhD,Research,Kolkata
Research Scientist,"Research,TensorFlow,Machine Learning,Scikit-learn,NumPy,Python,Deep Learning,PyTorch,Publication,Statistics",1,PhD,Research,Noida
Blockchain Developer,"Python,Node.js,Git,JavaScript,Solidity,Ethereum,Cryptography,Smart Contracts",4,Bachelor,Finance,Hyderabad
Blockchain Developer,"Ethereum,Docker,Node.js,Web3.js,JavaScript,Cryptography,Smart Contracts,Python",3,Bachelor,Finance,Delhi
Blockchain Developer,"Git,JavaScript,Ethereum,Solidity,Cryptography,Python,Docker",6,Bachelor,Finance,Mumbai
Blockchain Developer,"Docker,Ethereum,Solidity,JavaScript,Git",2,Bachelor,Finance,Gurgaon
Blockchain Developer,"Solidity,Node.js,Docker,JavaScript,Python,Cryptography",1,Bachelor,Finance,Hyderabad
Blockchain Developer,"JavaScript,Node.js,Smart Contracts,Cryptography,Web3.js,Git",0,Bachelor,Finance,Coimbatore
Blockchain Developer,"Cryptography,Web3.js,Docker,JavaScript,Solidity",4,Bachelor,Finance,Remote
Blockchain Developer,"Git,Cryptography,Web3.js,JavaScript,Docker,Ethereum,Node.js,Smart Contracts,Solidity",6,Bachelor,Finance,Hyderabad
Blockchain Developer,"Solidity,Cryptography,Smart Contracts,Docker,Python",1,Bachelor,Finance,Gurgaon
Blockchain Developer,"Node.js,Ethereum,JavaScript,Solidity,Git,Smart Contracts,Cryptography,Docker,Web3.js,Python",1,Bachelor,Finance,Los Angeles
Blockchain Developer,"Python,Ethereum,Smart Contracts,Docker,JavaScript,Cryptography,Solidity",0,Bachelor,Finance,New York
Blockchain Developer,"Git,Web3.js,Docker,Ethereum,JavaScript",0,Bachelor,Finance,Chicago
Blockchain Developer,"Web3.js,Smart Contracts,Docker,Python,Git,JavaScript",4,Bachelor,Finance,Chicago
Blockchain Developer,"Ethereum,JavaScript,Node.js,Solidity,Smart Contracts,Python,Cryptography",6,Bachelor,Finance,Mumbai
Blockchain Developer,"Docker,Git,Web3.js,Smart Contracts,Solidity,Ethereum,Node.js,JavaScript,Python,Cryptography",5,Bachelor,Finance,San Francisco
Blockchain Developer,"Node.js,Python,Solidity,Web3.js,Smart Contracts",3,Bachelor,Finance,Los Angeles
Blockchain Developer,"Docker,Solidity,Cryptography,JavaScript,Smart Contracts",4,Bachelor,Finance,Los Angeles
Blockchain Developer,"Web3.js,Ethereum,Smart Contracts,Node.js,JavaScript",1,Bachelor,Finance,Boston
Blockchain Developer,"Solidity,Ethereum,Docker,Cryptography,Smart Contracts,Node.js,JavaScript,Web3.js,Git,Python",0,Bachelor,Finance,Mumbai
Blockchain Developer,"Cryptography,JavaScript,Web3.js,Python,Git,Ethereum",2,Bachelor,Finance,San Francisco
Blockchain Developer,"Ethereum,Python,Smart Contracts,Node.js,Web3.js,Solidity,Git,JavaScript",0,Bachelor,Finance,Gurgaon
Blockchain Developer,"Cryptography,JavaScript,Ethereum,Smart Contracts,Git,Python,Node.js",5,Bachelor,Finance,Seattle
Blockchain Developer,"Python,Git,Web3.js,JavaScript,Node.js,Cryptography,Ethereum,Smart Contracts,Solidity",5,Bachelor,Finance,Austin
Blockchain Developer,"Cryptography,Solidity,Python,Git,Docker,Ethereum",6,Bachelor,Finance,San Francisco
Blockchain Developer,"Docker,Ethereum,Web3.js,Git,JavaScript,Python,Smart Contracts,Solidity,Cryptography",6,Bachelor,Finance,Kolkata
Blockchain Developer,"Docker,Smart Contracts,JavaScript,Web3.js,Ethereum,Node.js,Git",3,Bachelor,Finance,Austin
Blockchain Developer,"Smart Contracts,JavaScript,Git,Cryptography,Docker,Ethereum,Solidity,Node.js,Python",3,Bachelor,Finance,Bangalore
Blockchain Developer,"Python,JavaScript,Solidity,Web3.js,Smart Contracts,Node.js,Cryptography,Git,Ethereum",1,Bachelor,Finance,New York
Blockchain Developer,"Solidity,Cryptography,Git,Node.js,Smart Contracts,Python,Docker,Web3.js,JavaScript",4,Bachelor,Finance,Seattle
Blockchain Developer,"Solidity,Node.js,Docker,Cryptography,Git,Python,Ethereum,Smart Contracts",4,Bachelor,Finance,Gurgaon
Blockchain Developer,"Solidity,Docker,Web3.js,Cryptography,Python,Ethereum,Node.js,Smart Contracts",3,Bachelor,Finance,Bangalore
Blockchain Developer,"Docker,Web3.js,Node.js,JavaScript,Python,Git,Solidity",0,Bachelor,Finance,New York
Blockchain Developer,"Cryptography,Node.js,Smart Contracts,Git,Web3.js,Docker,Ethereum,Solidity",5,Bachelor,Finance,Los Angeles
Blockchain Developer,"Web3.js,Solidity,Smart Contracts,JavaScript,Python,Ethereum,Cryptography,Node.js,Docker,Git",2,Bachelor,Finance,Atlanta
Blockchain Developer,"Cryptography,Node.js,Solidity,Web3.js,Smart Contracts,Python,Ethereum,JavaScript,Docker,Git",3,Bachelor,Finance,Los Angeles
Blockchain Developer,"Web3.js,Smart Contracts,Python,Solidity,Git,JavaScript,Node.js,Ethereum,Cryptography,Docker",5,Bachelor,Finance,Hyderabad
Blockchain Developer,"Smart Contracts,JavaScript,Ethereum,Web3.js,Python,Git,Docker,Solidity,Cryptography,Node.js",2,Bachelor,Finance,Noida
Blockchain Developer,"Python,Web3.js,Node.js,Git,Ethereum,Cryptography,Smart Contracts",6,Bachelor,Finance,Chicago
Blockchain Developer,"Python,JavaScript,Web3.js,Docker,Solidity,Node.js,Cryptography,Smart Contracts,Ethereum,Git",1,Bachelor,Finance,Pune
Blockchain Developer,"Cryptography,Docker,Git,Smart Contracts,Solidity",6,Bachelor,Finance,New York
Blockchain Developer,"Web3.js,Ethereum,Python,Node.js,Cryptography,Docker,JavaScript,Solidity",3,Bachelor,Finance,Noida
Blockchain Developer,"Node.js,Web3.js,Ethereum,Smart Contracts,Solidity,JavaScript,Docker,Git",2,Bachelor,Finance,San Francisco
Blockchain Developer,"Ethereum,Solidity,Git,Python,Docker,Cryptography,Smart Contracts,Node.js,JavaScript",2,Bachelor,Finance,Denver
Blockchain Developer,"Git,JavaScript,Ethereum,Web3.js,Smart Contracts,Solidity,Python",6,Bachelor,Finance,Boston
Blockchain Developer,"Git,Cryptography,JavaScript,Python,Ethereum",5,Bachelor,Finance,Remote
Blockchain Developer,"Git,Python,Ethereum,Node.js,JavaScript,Docker,Solidity,Web3.js",0,Bachelor,Finance,Denver
Database Administrator,"PostgreSQL,Performance Tuning,Linux,MySQL,Oracle,SQL",3,Bachelor,Technology,Pune
Database Administrator,"PostgreSQL,MySQL,MongoDB,Security,Python,Oracle,Backup Recovery,SQL,Linux,Performance Tuning",1,Bachelor,Technology,Atlanta
Database Administrator,"MongoDB,Linux,SQL,Performance Tuning,PostgreSQL,Security,Python,Oracle,Backup Recovery",5,Bachelor,Technology,Chennai
Database Administrator,"Backup Recovery,Security,Performance Tuning,Python,Linux,Oracle,SQL,MongoDB",4,Bachelor,Technology,Kolkata
Database Administrator,"PostgreSQL,MySQL,Linux,Python,Oracle,Performance Tuning",5,Bachelor,Technology,Hyderabad
Database Administrator,"Python,Linux,Security,SQL,MongoDB",6,Bachelor,Technology,Denver
Database Administrator,"PostgreSQL,Oracle,SQL,MongoDB,MySQL,Linux,Backup Recovery,Security",5,Bachelor,Technology,Mumbai
Database Administrator,"Linux,Backup Recovery,SQL,Security,Performance Tuning,PostgreSQL,Python,MySQL",6,Bachelor,Technology,Chennai
Database Administrator,"Performance Tuning,Python,Linux,MySQL,Security",6,Bachelor,Technology,New York
Database Administrator,"Backup Recovery,MongoDB,Oracle,Python,Performance Tuning,MySQL,SQL,PostgreSQL,Linux,Security",2,Bachelor,Technology,Chicago
Database Administrator,"PostgreSQL,Linux,SQL,Performance Tuning,MySQL,Oracle,MongoDB",3,Bachelor,Technology,Los Angeles
Database Administrator,"Performance Tuning,Backup Recovery,PostgreSQL,Linux,MongoDB,MySQL,Security,SQL,Python,Oracle",1,Bachelor,Technology,Los Angeles
Database Administrator,"MongoDB,Linux,Python,MySQL,Performance Tuning,SQL,Oracle",6,Bachelor,Technology,Atlanta
Database Administrator,"Performance Tuning,Python,Backup Recovery,Linux,MySQL,SQL",0,Bachelor,Technology,Kolkata
Database Administrator,"MySQL,MongoDB,PostgreSQL,SQL,Backup Recovery,Performance Tuning",3,Bachelor,Technology,Gurgaon
Database Administrator,"Oracle,Python,Security,Performance Tuning,MongoDB,PostgreSQL,Backup Recovery",3,Bachelor,Technology,Kolkata
Database Administrator,"Backup Recovery,Security,SQL,Linux,PostgreSQL,Oracle,MongoDB,Python,MySQL,Performance Tuning",4,Bachelor,Technology,Denver
Database Administrator,"MySQL,MongoDB,Backup Recovery,Python,PostgreSQL,Security,Oracle",2,Bachelor,Technology,Hyderabad
Database Administrator,"Python,MongoDB,Oracle,Performance Tuning,Linux,PostgreSQL,Security",2,Bachelor,Technology,San Francisco
Database Administrator,"Performance Tuning,Oracle,MySQL,Python,MongoDB,Security,SQL,Backup Recovery,Linux",3,Bachelor,Technology,Austin
Database Administrator,"SQL,Python,MySQL,MongoDB,Oracle,Performance Tuning",4,Bachelor,Technology,Gurgaon
Database Administrator,"Backup Recovery,Oracle,Python,MongoDB,MySQL,Performance Tuning,SQL,Linux,PostgreSQL,Security",3,Bachelor,Technology,Coimbatore
Database Administrator,"PostgreSQL,Linux,Python,MySQL,MongoDB,Security",5,Bachelor,Technology,New York
Database Administrator,"PostgreSQL,Python,SQL,Linux,Backup Recovery,MySQL,Oracle",5,Bachelor,Technology,Chicago
Database Administrator,"Oracle,MySQL,Security,PostgreSQL,Performance Tuning",2,Bachelor,Technology,Coimbatore
Database Administrator,"Linux,PostgreSQL,MySQL,Oracle,Python,SQL,MongoDB,Backup Recovery,Security",5,Bachelor,Technology,Bangalore
Database Administrator,"Linux,PostgreSQL,Oracle,SQL,Security",5,Bachelor,Technology,Kolkata
Database Administrator,"PostgreSQL,MongoDB,Backup Recovery,Python,Security,SQL,Performance Tuning,Oracle,MySQL,Linux",3,Bachelor,Technology,San Francisco
Database Administrator,"PostgreSQL,Backup Recovery,MongoDB,Security,Linux,Performance Tuning,Python,SQL,MySQL",0,Bachelor,Technology,Denver
Database Administrator,"Backup Recovery,Oracle,PostgreSQL,MongoDB,Security,Python,SQL,Performance Tuning,Linux,MySQL",4,Bachelor,Technology,Atlanta
Database Administrator,"Backup Recovery,Performance Tuning,MongoDB,PostgreSQL,Python,SQL,Linux,Security,Oracle",2,Bachelor,Technology,Kolkata
Database Administrator,"PostgreSQL,Linux,SQL,Oracle,Backup Recovery,Python,MySQL,Security,MongoDB",5,Bachelor,Technology,Gurgaon
Database Administrator,"Python,MongoDB,SQL,Linux,Backup Recovery,PostgreSQL,MySQL,Oracle",6,Bachelor,Technology,Los Angeles
Database Administrator,"Linux,MySQL,Python,Performance Tuning,PostgreSQL",5,Bachelor,Technology,Gurgaon
Database Administrator,"MySQL,Security,Linux,PostgreSQL,Backup Recovery,SQL,Oracle,Performance Tuning",2,Bachelor,Technology,Los Angeles
Database Administrator,"MySQL,Linux,Performance Tuning,Python,MongoDB,PostgreSQL,Security,SQL",2,Bachelor,Technology,Noida
Database Administrator,"Security,Backup Recovery,PostgreSQL,MongoDB,Oracle,Python,MySQL,Performance Tuning,SQL",4,Bachelor,Technology,Chicago
Database Administrator,"Oracle,Backup Recovery,MySQL,MongoDB,Python,PostgreSQL,Performance Tuning,Security,Linux",6,Bachelor,Technology,Denver
Database Administrator,"MongoDB,Security,Python,Backup Recovery,PostgreSQL,SQL,Oracle,MySQL,Linux",5,Bachelor,Technology,Coimbatore
Database Administrator,"MongoDB,PostgreSQL,Python,Oracle,Performance Tuning,Linux",1,Bachelor,Technology,Hyderabad
Database Administrator,"Performance Tuning,Security,SQL,Python,MongoDB,Linux,PostgreSQL",5,Bachelor,Technology,Denver
Database Administrator,"Oracle,MongoDB,Linux,SQL,PostgreSQL,Security,Performance Tuning,Python,MySQL",5,Bachelor,Technology,Boston
Database Administrator,"Security,PostgreSQL,Backup Recovery,Performance Tuning,Linux,Oracle,MySQL",0,Bachelor,Technology,Los Angeles
Database Administrator,"Security,Linux,Python,Oracle,Performance Tuning,SQL,PostgreSQL,Backup Recovery,MySQL",3,Bachelor,Technology,New York
Database Administrator,"Python,Performance Tuning,SQL,Backup Recovery,MongoDB,PostgreSQL,MySQL,Oracle,Security,Linux",2,Bachelor,Technology,Mumbai
Database Administrator,"Python,Linux,MongoDB,Backup Recovery,Security",4,Bachelor,Technology,Remote
Database Administrator,"PostgreSQL,SQL,Performance Tuning,Python,Security,Linux,MySQL,Oracle",0,Bachelor,Technology,Remote
Database Administrator,"Oracle,PostgreSQL,SQL,MySQL,MongoDB,Security,Python",5,Bachelor,Technology,Chicago
Database Administrator,"Backup Recovery,SQL,Python,MongoDB,Performance Tuning,Security,Linux",2,Bachelor,Technology,Kolkata
Database Administrator,"Performance Tuning,Backup Recovery,MySQL,Python,Security,Oracle,Linux",4,Bachelor,Technology,Denver
Database Administrator,"SQL,MySQL,Python,Performance Tuning,Backup Recovery,Oracle,MongoDB,PostgreSQL,Linux,Security",1,Bachelor,Technology,New York
Database Administrator,"Security,Backup Recovery,Linux,PostgreSQL,Python,MySQL",1,Bachelor,Technology,Coimbatore
Database Administrator,"SQL,Oracle,Backup Recovery,MongoDB,Security,Linux,Performance Tuning",0,Bachelor,Technology,Delhi
Database Administrator,"Oracle,Security,Backup Recovery,Python,MongoDB,MySQL,Linux,Performance Tuning,SQL,PostgreSQL",0,Bachelor,Technology,Austin
Database Administrator,"Backup Recovery,PostgreSQL,Python,Oracle,Security,MongoDB,MySQL",0,Bachelor,Technology,Remote
Database Administrator,"Backup Recovery,Python,Security,MongoDB,Oracle,Linux",5,Bachelor,Technology,Los Angeles
Database Administrator,"Backup Recovery,Security,Performance Tuning,Linux,Python,SQL,MySQL,Oracle,MongoDB,PostgreSQL",0,Bachelor,Technology,Delhi
Database Administrator,"Linux,Backup Recovery,Oracle,SQL,Python",3,Bachelor,Technology,Coimbatore
Database Administrator,"MongoDB,PostgreSQL,Security,MySQL,Oracle,Python,Performance Tuning",0,Bachelor,Technology,San Francisco
Database Administrator,"Linux,MySQL,PostgreSQL,SQL,Python,Backup Recovery,Security,MongoDB,Oracle",1,Bachelor,Technology,Chicago
Database Administrator,"Linux,Backup Recovery,Performance Tuning,Oracle,SQL,MySQL,PostgreSQL,Python,Security",2,Bachelor,Technology,Hyderabad
Database Administrator,"Security,PostgreSQL,Linux,SQL,Python",6,Bachelor,Technology,Remote
Database Administrator,"Performance Tuning,SQL,MongoDB,Linux,Security,Backup Recovery,Python,Oracle,PostgreSQL,MySQL",6,Bachelor,Technology,Bangalore
Database Administrator,"Backup Recovery,MySQL,Linux,Performance Tuning,Python,MongoDB,SQL,Oracle,Security,PostgreSQL",5,Bachelor,Technology,Austin
Database Administrator,"PostgreSQL,Security,Linux,MongoDB,Python,Performance Tuning,Oracle",5,Bachelor,Technology,San Francisco
Database Administrator,"Performance Tuning,MongoDB,PostgreSQL,Backup Recovery,SQL,MySQL,Python,Security,Oracle",3,Bachelor,Technology,San Francisco
Database Administrator,"Backup Recovery,Performance Tuning,MySQL,Linux,SQL,Security,MongoDB,Python,PostgreSQL",6,Bachelor,Technology,Remote
Database Administrator,"Performance Tuning,Security,MongoDB,Linux,MySQL,Backup Recovery,Python",3,Bachelor,Technology,Boston
Database Administrator,"Performance Tuning,MySQL,MongoDB,Security,Linux",0,Bachelor,Technology,Atlanta
Database Administrator,"MongoDB,SQL,Security,Oracle,MySQL,Backup Recovery,Python,Performance Tuning,PostgreSQL,Linux",0,Bachelor,Technology,Austin
Database Administrator,"MongoDB,Linux,Python,Oracle,Performance Tuning,Security,Backup Recovery",4,Bachelor,Technology,New York
Database Administrator,"SQL,MongoDB,Oracle,MySQL,Linux,Backup Recovery,Performance Tuning,PostgreSQL,Security",1,Bachelor,Technology,Austin
AI Engineer,"AWS,MLflow,Machine Learning,Deep Learning,Docker",0,Master,Technology,Austin
AI Engineer,"PyTorch,Machine Learning,MLflow,Computer Vision,Python,Docker,Deep Learning,AWS,NLP",3,Master,Technology,San Francisco
AI Engineer,"TensorFlow,Computer Vision,PyTorch,Deep Learning,Machine Learning,Docker",6,Master,Technology,Kolkata
AI Engineer,"MLflow,AWS,PyTorch,Python,Computer Vision,TensorFlow",3,Master,Technology,Chennai
AI Engineer,"TensorFlow,AWS,Computer Vision,Machine Learning,NLP,Python,MLflow,PyTorch,Deep Learning",4,Master,Technology,Coimbatore
AI Engineer,"PyTorch,Python,Docker,Computer Vision,MLflow",2,Master,Technology,Seattle
AI Engineer,"Machine Learning,Computer Vision,TensorFlow,Python,Docker,Deep Learning,NLP,AWS,PyTorch,MLflow",3,Master,Technology,Atlanta
AI Engineer,"Deep Learning,AWS,NLP,TensorFlow,Computer Vision,Python,MLflow",3,Master,Technology,Atlanta
AI Engineer,"Deep Learning,PyTorch,AWS,NLP,Docker,MLflow,Python,Machine Learning,TensorFlow,Computer Vision",5,Master,Technology,Gurgaon
AI Engineer,"PyTorch,NLP,TensorFlow,Docker,Python,Computer Vision",6,Master,Technology,Austin
AI Engineer,"Python,Deep Learning,NLP,TensorFlow,PyTorch,Computer Vision,MLflow",0,Master,Technology,Remote
AI Engineer,"MLflow,NLP,AWS,Computer Vision,TensorFlow,Docker,Python,Deep Learning,PyTorch",0,Master,Technology,Kolkata
AI Engineer,"MLflow,Python,Computer Vision,Deep Learning,PyTorch,Machine Learning,Docker,AWS",3,Master,Technology,Chicago
AI Engineer,"Python,MLflow,NLP,Computer Vision,TensorFlow,Docker,AWS,Machine Learning,Deep Learning",1,Master,Technology,Pune
AI Engineer,"PyTorch,AWS,TensorFlow,Python,MLflow,Deep Learning,Docker",1,Master,Technology,Hyderabad
AI Engineer,"Docker,PyTorch,Python,Machine Learning,MLflow,TensorFlow,Computer Vision,NLP",6,Master,Technology,Austin
AI Engineer,"Computer Vision,Machine Learning,MLflow,Deep Learning,TensorFlow",1,Master,Technology,Pune
AI Engineer,"MLflow,AWS,Computer Vision,Python,PyTorch,Deep Learning",1,Master,Technology,Coimbatore
AI Engineer,"MLflow,Docker,Computer Vision,NLP,PyTorch,TensorFlow,Machine Learning,AWS",0,Master,Technology,Coimbatore
AI Engineer,"Machine Learning,Docker,MLflow,PyTorch,AWS,Computer Vision",6,Master,Technology,Delhi
AI Engineer,"Machine Learning,Python,NLP,Docker,MLflow,Computer Vision,AWS,PyTorch,TensorFlow,Deep Learning",2,Master,Technology,Austin
AI Engineer,"Docker,AWS,Deep Learning,Python,TensorFlow,PyTorch,NLP,MLflow",5,Master,Technology,San Francisco
AI Engineer,"TensorFlow,MLflow,Computer Vision,PyTorch,Machine Learning,Python,Docker,Deep Learning,AWS",2,Master,Technology,Coimbatore
AI Engineer,"MLflow,PyTorch,NLP,Python,Machine Learning,TensorFlow,Deep Learning,Computer Vision,AWS,Docker",4,Master,Technology,Coimbatore
AI Engineer,"Deep Learning,NLP,Docker,Computer Vision,AWS",0,Master,Technology,Austin
AI Engineer,"AWS,PyTorch,Computer Vision,Docker,Python,Machine Learning,TensorFlow",2,Master,Technology,Gurgaon
AI Engineer,"MLflow,Python,PyTorch,Docker,AWS",6,Master,Technology,Atlanta
AI Engineer,"AWS,Machine Learning,Python,MLflow,TensorFlow",6,Master,Technology,Atlanta
AI Engineer,"Computer Vision,Machine Learning,Deep Learning,NLP,Docker,TensorFlow,Python,AWS",2,Master,Technology,Atlanta
AI Engineer,"Docker,TensorFlow,PyTorch,Computer Vision,Deep Learning,MLflow",3,Master,Technology,Delhi
AI Engineer,"PyTorch,Python,Computer Vision,TensorFlow,MLflow,AWS,Docker",4,Master,Technology,Gurgaon
AI Engineer,"PyTorch,Computer Vision,Machine Learning,Docker,TensorFlow,NLP,Deep Learning,Python,MLflow",4,Master,Technology,Bangalore
AI Engineer,"Python,Computer Vision,Machine Learning,AWS,PyTorch,Deep Learning,MLflow,NLP",0,Master,Technology,Mumbai
AI Engineer,"AWS,Computer Vision,PyTorch,Machine Learning,TensorFlow",1,Master,Technology,San Francisco
AI Engineer,"AWS,MLflow,Computer Vision,Machine Learning,NLP,Python,TensorFlow,Deep Learning,Docker",6,Master,Technology,Noida
AI Engineer,"AWS,MLflow,PyTorch,NLP,Docker,Python,TensorFlow",0,Master,Technology,Kolkata
AI Engineer,"AWS,Docker,TensorFlow,Computer Vision,MLflow,Python,NLP,PyTorch,Deep Learning,Machine Learning",6,Master,Technology,Seattle
AI Engineer,"NLP,Deep Learning,Python,Computer Vision,MLflow",2,Master,Technology,Denver
AI Engineer,"MLflow,NLP,PyTorch,Python,Computer Vision,Machine Learning",1,Master,Technology,Chicago
AI Engineer,"MLflow,PyTorch,TensorFlow,NLP,Machine Learning,Python,Deep Learning,AWS,Docker,Computer Vision",5,Master,Technology,Coimbatore
AI Engineer,"Computer Vision,MLflow,NLP,Deep Learning,Python",3,Master,Technology,Chicago
AI Engineer,"Docker,Deep Learning,TensorFlow,Python,Machine Learning,AWS,NLP",3,Master,Technology,New York
AI Engineer,"NLP,Computer Vision,Machine Learning,Docker,Deep Learning,TensorFlow,AWS",1,Master,Technology,Gurgaon
AI Engineer,"TensorFlow,AWS,Docker,Python,Computer Vision",6,Master,Technology,Atlanta
AI Engineer,"PyTorch,AWS,NLP,Deep Learning,Python,Computer Vision",2,Master,Technology,Kolkata
AI Engineer,"PyTorch,AWS,Python,Docker,Deep Learning,Machine Learning,MLflow,Computer Vision",3,Master,Technology,Chennai
AI Engineer,"Python,Docker,Computer Vision,MLflow,Machine Learning,TensorFlow,Deep Learning,AWS",0,Master,Technology,Chicago
AI Engineer,"NLP,Machine Learning,Deep Learning,Computer Vision,TensorFlow,MLflow,PyTorch,Python,AWS,Docker",6,Master,Technology,New York
AI Engineer,"AWS,MLflow,Computer Vision,PyTorch,Deep Learning,Docker",6,Master,Technology,Noida
AI Engineer,"Python,MLflow,AWS,TensorFlow,Computer Vision",1,Master,Technology,Bangalore
AI Engineer,"Docker,AWS,Machine Learning,MLflow,Python",5,Master,Technology,Mumbai
AI Engineer,"MLflow,Computer Vision,AWS,Deep Learning,Machine Learning,Docker,Python,NLP,TensorFlow,PyTorch",6,Master,Technology,Boston
AI Engineer,"AWS,Deep Learning,MLflow,Docker,Python",5,Master,Technology,Chicago
AI Engineer,"Python,PyTorch,Machine Learning,Docker,NLP",4,Master,Technology,Coimbatore
AI Engineer,"NLP,Deep Learning,Docker,Python,PyTorch,AWS",4,Master,Technology,Delhi
AI Engineer,"Machine Learning,NLP,TensorFlow,Computer Vision,AWS,MLflow,Docker,Deep Learning",0,Master,Technology,Chicago
AI Engineer,"Deep Learning,Computer Vision,NLP,MLflow,PyTorch,TensorFlow,AWS,Machine Learning,Python",1,Master,Technology,Denver
AI Engineer,"TensorFlow,PyTorch,Python,Computer Vision,MLflow,Deep Learning,AWS,NLP,Machine Learning,Docker",3,Master,Technology,Mumbai
Mobile Developer,"Android,REST API,Swift,Firebase,Git,Java,Flutter,React Native",2,Bachelor,Technology,Delhi
Mobile Developer,"React Native,REST API,Git,Java,Kotlin,Android,Flutter,Firebase,iOS,Swift",1,Bachelor,Technology,Noida
Mobile Developer,"React Native,REST API,Git,iOS,Firebase,Swift,Android",3,Bachelor,Technology,Chennai
Mobile Developer,"iOS,REST API,React Native,Git,Java,Firebase",4,Bachelor,Technology,San Francisco
Mobile Developer,"Git,React Native,iOS,Flutter,Kotlin",5,Bachelor,Technology,Chicago
Mobile Developer,"Kotlin,Java,iOS,Git,React Native,Swift,Flutter,REST API,Android,Firebase",3,Bachelor,Technology,Hyderabad
Mobile Developer,"Git,REST API,React Native,Firebase,Kotlin,Swift,Android,iOS,Flutter",5,Bachelor,Technology,Atlanta
Mobile Developer,"Android,React Native,REST API,Firebase,Kotlin,iOS,Java,Swift,Git",2,Bachelor,Technology,Remote
Mobile Developer,"REST API,Firebase,Android,Kotlin,Swift,Git,Flutter,Java,React Native,iOS",1,Bachelor,Technology,Mumbai
Mobile Developer,"React Native,Flutter,Java,Firebase,REST API,Kotlin,Android,iOS",0,Bachelor,Technology,San Francisco
Mobile Developer,"REST API,Java,Flutter,Kotlin,iOS,Git,React Native,Firebase,Swift",1,Bachelor,Technology,Chicago
Mobile Developer,"React Native,Kotlin,Flutter,REST API,Java,Git,Swift",4,Bachelor,Technology,Noida
Mobile Developer,"iOS,Java,Firebase,React Native,Android,Git,Swift,Kotlin,REST API",6,Bachelor,Technology,Coimbatore
Mobile Developer,"Android,iOS,REST API,Git,Swift,Kotlin,Flutter",2,Bachelor,Technology,New York
Mobile Developer,"iOS,Flutter,React Native,Kotlin,Firebase,Swift,Java,Android,Git",3,Bachelor,Technology,Gurgaon
Mobile Developer,"Git,Kotlin,Flutter,Swift,REST API,React Native,Android,Java,iOS",2,Bachelor,Technology,Noida
Mobile Developer,"Git,Kotlin,Flutter,iOS,Swift",5,Bachelor,Technology,Seattle
Mobile Developer,"Kotlin,iOS,Firebase,Swift,Java,REST API,React Native,Git,Android,Flutter",2,Bachelor,Technology,Austin
Mobile Developer,"Flutter,REST API,Firebase,Git,Swift,iOS,React Native,Kotlin,Java,Android",1,Bachelor,Technology,Chennai
Mobile Developer,"REST API,Android,Firebase,iOS,Swift",5,Bachelor,Technology,Bangalore
Mobile Developer,"Firebase,Java,React Native,iOS,Flutter,Git,Swift,REST API,Android,Kotlin",4,Bachelor,Technology,Austin
Mobile Developer,"Firebase,Kotlin,iOS,Flutter,Android,Git,React Native,Java,REST API,Swift",3,Bachelor,Technology,Pune
Mobile Developer,"Git,Java,Android,Firebase,Flutter,Kotlin,iOS,Swift,React Native,REST API",4,Bachelor,Technology,Noida
Mobile Developer,"Android,Firebase,Flutter,Swift,Kotlin,React Native,iOS,Git,Java",1,Bachelor,Technology,Chicago
Mobile Developer,"Flutter,iOS,Firebase,Android,REST API,Git",5,Bachelor,Technology,Noida
Mobile Developer,"Swift,REST API,Git,Java,Android,Flutter,Kotlin,iOS,Firebase,React Native",4,Bachelor,Technology,Pune
Mobile Developer,"Java,Kotlin,React Native,Git,Android,REST API,Flutter,Swift,Firebase,iOS",6,Bachelor,Technology,Atlanta
Mobile Developer,"Swift,Firebase,Kotlin,REST API,Flutter",5,Bachelor,Technology,Bangalore
Mobile Developer,"REST API,Android,Swift,Firebase,React Native,Java",3,Bachelor,Technology,Coimbatore
Mobile Developer,"REST API,Swift,Android,iOS,Kotlin,Flutter,React Native,Java,Firebase",0,Bachelor,Technology,Boston
Mobile Developer,"Kotlin,Flutter,iOS,Java,Android,Swift,Firebase,React Native,REST API",6,Bachelor,Technology,Remote
Mobile Developer,"Firebase,Java,Flutter,Android,React Native,REST API,Git",6,Bachelor,Technology,Kolkata
Mobile Developer,"Java,React Native,Kotlin,Swift,iOS,Firebase",4,Bachelor,Technology,San Francisco
Mobile Developer,"Java,Firebase,Android,Kotlin,Flutter,Swift,React Native",6,Bachelor,Technology,Coimbatore
Mobile Developer,"React Native,Java,Android,Firebase,REST API,Git,Kotlin,Swift",3,Bachelor,Technology,Seattle
Mobile Developer,"REST API,Android,Firebase,Swift,Kotlin",0,Bachelor,Technology,Bangalore
Mobile Developer,"iOS,Flutter,Kotlin,Swift,REST API,Java,Android,React Native",6,Bachelor,Technology,San Francisco
Mobile Developer,"Firebase,Kotlin,Swift,iOS,Android,REST API,Git,Flutter,Java",5,Bachelor,Technology,Los Angeles
Mobile Developer,"Swift,Flutter,Kotlin,Git,Android,iOS,Firebase,Java,React Native",2,Bachelor,Technology,Seattle
Mobile Developer,"Firebase,Java,Git,Android,Kotlin,REST API",0,Bachelor,Technology,Remote
Mobile Developer,"React Native,Android,Java,Kotlin,REST API,Swift,Git",5,Bachelor,Technology,Noida
Mobile Developer,"Java,Firebase,Kotlin,Android,React Native,Git",6,Bachelor,Technology,Chennai
Mobile Developer,"Firebase,Android,Kotlin,Java,iOS,Git,Flutter",2,Bachelor,Technology,Coimbatore
Mobile Developer,"iOS,Android,React Native,REST API,Swift,Java",5,Bachelor,Technology,Chennai
Mobile Developer,"React Native,iOS,Android,Kotlin,REST API,Firebase,Flutter",6,Bachelor,Technology,Gurgaon
Mobile Developer,"Kotlin,Git,Java,Flutter,Swift,React Native,Android,iOS",6,Bachelor,Technology,San Francisco
Mobile Developer,"Java,Swift,Firebase,Git,iOS",0,Bachelor,Technology,Noida
Mobile Developer,"React Native,Firebase,Swift,iOS,Flutter,Kotlin,Java",3,Bachelor,Technology,Hyderabad
Mobile Developer,"React Native,REST API,Android,Git,Flutter",5,Bachelor,Technology,Bangalore
Mobile Developer,"Git,React Native,Java,Swift,Flutter,Android,Firebase,Kotlin",5,Bachelor,Technology,Delhi
Mobile Developer,"Git,Android,Kotlin,Flutter,Swift,Java,iOS,Firebase,React Native,REST API",1,Bachelor,Technology,Los Angeles
Mobile Developer,"Swift,Flutter,Kotlin,Firebase,React Native,Java,Android",1,Bachelor,Technology,Denver
Mobile Developer,"Kotlin,Java,Swift,React Native,REST API,Android,Git,Flutter",4,Bachelor,Technology,Delhi
Mobile Developer,"Java,Android,Flutter,Git,iOS,Firebase,React Native,REST API,Kotlin",5,Bachelor,Technology,Los Angeles
Mobile Developer,"Git,React Native,REST API,iOS,Swift",3,Bachelor,Technology,Coimbatore
Mobile Developer,"Kotlin,Firebase,REST API,React Native,Git",4,Bachelor,Technology,Kolkata
Mobile Developer,"Git,Android,iOS,Java,Swift,Kotlin,Firebase,React Native,Flutter,REST API",2,Bachelor,Technology,Gurgaon
QA Engineer,"Test Automation,REST API,Java,Selenium,JUnit,Git,Jira,Python,Manual Testing,Agile",5,Bachelor,Technology,Austin
QA Engineer,"Test Automation,Java,Manual Testing,Jira,Python,Agile,Git,JUnit",5,Bachelor,Technology,Bangalore
QA Engineer,"JUnit,Java,Manual Testing,Jira,Agile,REST API,Git",5,Bachelor,Technology,Remote
QA Engineer,"Git,Jira,Agile,REST API,Test Automation",0,Bachelor,Technology,New York
QA Engineer,"Python,REST API,Manual Testing,Agile,Selenium,JUnit,Test Automation,Jira,Git",4,Bachelor,Technology,Los Angeles
QA Engineer,"Test Automation,Java,Selenium,Manual Testing,Agile,REST API",0,Bachelor,Technology,New York
QA Engineer,"Test Automation,REST API,JUnit,Manual Testing,Agile,Selenium",0,Bachelor,Technology,Chicago
QA Engineer,"Agile,Java,Selenium,Manual Testing,Jira",1,Bachelor,Technology,Coimbatore
QA Engineer,"JUnit,Manual Testing,Java,Python,Agile,Selenium,Jira,Test Automation",1,Bachelor,Technology,Kolkata
QA Engineer,"Git,Python,Test Automation,JUnit,Java",4,Bachelor,Technology,Denver
QA Engineer,"Selenium,REST API,Java,Git,Agile,Python,JUnit,Jira,Manual Testing",1,Bachelor,Technology,Noida
QA Engineer,"Agile,Java,Manual Testing,Jira,Python,REST API,JUnit,Test Automation,Selenium",2,Bachelor,Technology,Austin
QA Engineer,"REST API,Agile,Python,Git,Jira,Test Automation,Manual Testing,Selenium",0,Bachelor,Technology,Noida
QA Engineer,"Test Automation,Agile,Jira,Git,JUnit",5,Bachelor,Technology,Pune
QA Engineer,"REST API,Agile,Python,Jira,Java,JUnit,Test Automation,Git,Selenium,Manual Testing",2,Bachelor,Technology,Pune
QA Engineer,"Selenium,Python,JUnit,Manual Testing,Test Automation,REST API,Java,Git,Agile",6,Bachelor,Technology,Noida
QA Engineer,"REST API,Python,Jira,JUnit,Test Automation,Java,Git,Agile,Selenium,Manual Testing",0,Bachelor,Technology,Hyderabad
QA Engineer,"Python,Jira,REST API,JUnit,Agile,Selenium,Java",5,Bachelor,Technology,Mumbai
QA Engineer,"Java,Selenium,JUnit,Test Automation,Agile,Jira",2,Bachelor,Technology,Remote
QA Engineer,"Git,Agile,Manual Testing,JUnit,Selenium,Jira,Java,REST API,Python",3,Bachelor,Technology,Kolkata
QA Engineer,"Manual Testing,Java,Python,Test Automation,JUnit,Selenium,Git",0,Bachelor,Technology,Hyderabad
QA Engineer,"REST API,Selenium,JUnit,Java,Python,Manual Testing,Git,Test Automation,Agile,Jira",6,Bachelor,Technology,Bangalore
QA Engineer,"Agile,Selenium,REST API,JUnit,Jira,Python,Manual Testing",1,Bachelor,Technology,Bangalore
QA Engineer,"Python,Agile,Test Automation,Java,JUnit,Manual Testing,REST API,Jira,Selenium,Git",0,Bachelor,Technology,San Francisco
QA Engineer,"Selenium,Test Automation,Python,Java,Agile,Manual Testing,REST API,Jira,JUnit,Git",1,Bachelor,Technology,Boston
QA Engineer,"JUnit,Selenium,Agile,Java,Git,REST API,Test Automation,Jira",2,Bachelor,Technology,Los Angeles
QA Engineer,"Manual Testing,Git,Python,Selenium,Agile,Test Automation,REST API,Jira,JUnit",1,Bachelor,Technology,Austin
QA Engineer,"Jira,Selenium,Java,Git,Test Automation,Agile,Manual Testing,Python",3,Bachelor,Technology,Hyderabad
QA Engineer,"Test Automation,Java,Git,Manual Testing,REST API,Selenium,JUnit",6,Bachelor,Technology,San Francisco
QA Engineer,"Agile,Git,Java,Test Automation,REST API,Manual Testing,JUnit,Selenium",2,Bachelor,Technology,San Francisco
QA Engineer,"JUnit,Selenium,Jira,Manual Testing,Python,REST API,Git,Java",5,Bachelor,Technology,San Francisco
QA Engineer,"JUnit,REST API,Jira,Java,Selenium,Test Automation,Python,Manual Testing,Git,Agile",0,Bachelor,Technology,San Francisco
QA Engineer,"Java,Python,Jira,Test Automation,JUnit",6,Bachelor,Technology,Gurgaon
QA Engineer,"Test Automation,JUnit,Agile,Git,Jira,Python,Selenium,Manual Testing,REST API",3,Bachelor,Technology,Denver
QA Engineer,"Test Automation,REST API,Git,Python,Agile,JUnit",2,Bachelor,Technology,Austin
QA Engineer,"JUnit,Agile,Test Automation,Manual Testing,Java,Git,Jira,REST API",0,Bachelor,Technology,Hyderabad
QA Engineer,"Agile,Selenium,Git,Test Automation,Jira,JUnit,Manual Testing,Java,Python,REST API",6,Bachelor,Technology,Chicago
QA Engineer,"Git,Java,Manual Testing,Jira,Selenium,JUnit",2,Bachelor,Technology,Chicago
QA Engineer,"Java,Manual Testing,Git,REST API,Jira,JUnit,Test Automation,Selenium,Python,Agile",6,Bachelor,Technology,Noida
QA Engineer,"REST API,Manual Testing,Git,Agile,Selenium,Test Automation,Java",6,Bachelor,Technology,Remote
QA Engineer,"Agile,Test Automation,Python,REST API,Selenium,Git,Jira",2,Bachelor,Technology,Delhi
QA Engineer,"Agile,Java,Manual Testing,Python,JUnit,Git,Selenium,REST API,Test Automation",2,Bachelor,Technology,Coimbatore
QA Engineer,"Selenium,Test Automation,Python,Java,Git,Manual Testing,Jira,Agile",3,Bachelor,Technology,Noida
QA Engineer,"Agile,Manual Testing,Jira,Test Automation,Java,Python,Selenium,REST API,JUnit",2,Bachelor,Technology,Denver
QA Engineer,"Test Automation,Jira,Git,Selenium,REST API,Agile,JUnit,Java,Python",0,Bachelor,Technology,Coimbatore
QA Engineer,"Git,Selenium,Java,JUnit,Agile,Python,Jira",0,Bachelor,Technology,Atlanta
QA Engineer,"Jira,Manual Testing,Agile,Java,Python,JUnit,REST API",0,Bachelor,Technology,Bangalore
QA Engineer,"Python,Agile,Git,Jira,JUnit,Manual Testing,REST API,Selenium,Test Automation",0,Bachelor,Technology,Hyderabad
QA Engineer,"Jira,Java,Manual Testing,Agile,Test Automation,Selenium,Python,JUnit,Git",4,Bachelor,Technology,Atlanta
QA Engineer,"Python,Git,Selenium,Manual Testing,Java,JUnit,Jira",0,Bachelor,Technology,Chennai
QA Engineer,"Python,Agile,Git,Java,Jira",5,Bachelor,Technology,Denver
QA Engineer,"Python,Manual Testing,Agile,Git,Java,Test Automation",2,Bachelor,Technology,Austin
QA Engineer,"Python,Selenium,Manual Testing,JUnit,Java",0,Bachelor,Technology,Atlanta
QA Engineer,"Selenium,REST API,Jira,Git,JUnit,Agile,Java,Test Automation,Manual Testing",2,Bachelor,Technology,Bangalore
IT Manager,"Agile,Risk Management,Budgeting,Cloud,SQL,ITIL,Leadership,Project Management,Communication,Vendor Management",2,Master,IT Services,Noida
IT Manager,"Cloud,Risk Management,ITIL,Project Management,SQL,Vendor Management,Budgeting,Leadership",2,Master,IT Services,Seattle
IT Manager,"SQL,Leadership,Budgeting,ITIL,Vendor Management,Communication",6,Master,IT Services,Noida
IT Manager,"ITIL,Communication,Cloud,Risk Management,Vendor Management",2,Master,IT Services,Mumbai
IT Manager,"Cloud,ITIL,Agile,Vendor Management,Project Management",1,Master,IT Services,San Francisco
IT Manager,"ITIL,Project Management,Risk Management,Budgeting,Communication,Leadership,Agile",5,Master,IT Services,Boston
IT Manager,"Budgeting,Risk Management,SQL,Leadership,Project Management,ITIL,Communication,Vendor Management",1,Master,IT Services,Chicago
IT Manager,"ITIL,Agile,Budgeting,Cloud,Vendor Management,Risk Management,Communication,SQL",0,Master,IT Services,Pune
IT Manager,"Vendor Management,Budgeting,Project Management,Leadership,ITIL,Cloud",6,Master,IT Services,San Francisco
IT Manager,"Cloud,ITIL,Project Management,Communication,Budgeting,Risk Management,SQL,Vendor Management",2,Master,IT Services,Gurgaon
IT Manager,"Agile,Leadership,Budgeting,Project Management,Communication,SQL,Vendor Management",0,Master,IT Services,San Francisco
IT Manager,"ITIL,Vendor Management,Risk Management,Budgeting,SQL,Project Management",1,Master,IT Services,Chennai
IT Manager,"Project Management,Agile,Budgeting,SQL,Leadership,Vendor Management",4,Master,IT Services,Remote
IT Manager,"Agile,Vendor Management,Project Management,Cloud,Risk Management,Budgeting,Communication",0,Master,IT Services,Mumbai
IT Manager,"Project Management,Vendor Management,Cloud,ITIL,Leadership,Communication,Budgeting,Agile",5,Master,IT Services,Los Angeles
IT Manager,"Risk Management,Cloud,SQL,Project Management,Communication,Budgeting,Leadership,ITIL,Agile,Vendor Management",3,Master,IT Services,Noida
IT Manager,"Project Management,ITIL,Cloud,Vendor Management,Leadership,Agile",1,Master,IT Services,Bangalore
IT Manager,"Leadership,Vendor Management,Budgeting,SQL,Cloud,Agile,ITIL",1,Master,IT Services,Gurgaon
IT Manager,"SQL,Cloud,Risk Management,Project Management,Vendor Management,ITIL,Communication,Budgeting,Leadership,Agile",0,Master,IT Services,Remote
IT Manager,"Leadership,ITIL,Risk Management,Cloud,SQL",5,Master,IT Services,Remote
IT Manager,"Agile,SQL,Budgeting,Communication,Cloud,Project Management,Vendor Management",4,Master,IT Services,Boston
IT Manager,"Leadership,Project Management,Risk Management,Budgeting,Vendor Management,Cloud,SQL,Communication,ITIL",4,Master,IT Services,Kolkata
IT Manager,"Budgeting,Agile,SQL,Cloud,Leadership,ITIL,Risk Management,Vendor Management,Project Management",0,Master,IT Services,Mumbai
IT Manager,"Communication,Leadership,ITIL,Vendor Management,Cloud,Budgeting,Agile,Risk Management",6,Master,IT Services,Delhi
IT Manager,"Cloud,ITIL,Leadership,Risk Management,Vendor Management,Budgeting",1,Master,IT Services,Austin
IT Manager,"Leadership,Budgeting,Cloud,Agile,Risk Management,ITIL,Communication,SQL",0,Master,IT Services,Los Angeles
IT Manager,"Leadership,SQL,Risk Management,Vendor Management,Cloud,Agile,Communication,Project Management",2,Master,IT Services,Delhi
IT Manager,"SQL,Leadership,ITIL,Cloud,Risk Management,Agile,Communication,Budgeting,Project Management",3,Master,IT Services,Delhi
IT Manager,"Budgeting,Vendor Management,Communication,Risk Management,Project Management,Agile",0,Master,IT Services,Bangalore
IT Manager,"Project Management,Leadership,Cloud,Budgeting,Vendor Management",5,Master,IT Services,New York
IT Manager,"Leadership,Vendor Management,Communication,Budgeting,ITIL,SQL",0,Master,IT Services,Atlanta
IT Manager,"Cloud,Project Management,Budgeting,Leadership,Agile,ITIL,Vendor Management,SQL",2,Master,IT Services,New York
IT Manager,"ITIL,Vendor Management,Agile,Budgeting,Leadership,Communication,Cloud,Project Management",2,Master,IT Services,Noida
IT Manager,"Cloud,Agile,ITIL,Budgeting,SQL,Risk Management",0,Master,IT Services,Noida
IT Manager,"Project Management,Vendor Management,SQL,Leadership,Budgeting,Risk Management,ITIL,Communication,Agile,Cloud",1,Master,IT Services,Noida
IT Manager,"Budgeting,Project Management,Risk Management,Cloud,Communication,Vendor Management,SQL,ITIL,Leadership,Agile",5,Master,IT Services,Seattle
IT Manager,"Communication,Leadership,Risk Management,Cloud,Project Management",1,Master,IT Services,Bangalore
IT Manager,"Leadership,Risk Management,ITIL,Cloud,Agile,Budgeting,Project Management,Communication,Vendor Management,SQL",0,Master,IT Services,Chennai
IT Manager,"SQL,Budgeting,Communication,Vendor Management,Agile,ITIL,Risk Management,Cloud",0,Master,IT Services,New York
IT Manager,"SQL,ITIL,Leadership,Risk Management,Agile",0,Master,IT Services,Delhi
IT Manager,"Agile,Leadership,Project Management,Vendor Management,Budgeting,ITIL,Risk Management,Cloud,Communication,SQL",4,Master,IT Services,Chennai
IT Manager,"Project Management,ITIL,SQL,Cloud,Agile,Risk Management,Leadership,Vendor Management,Communication,Budgeting",3,Master,IT Services,Atlanta
IT Manager,"Budgeting,Vendor Management,SQL,Leadership,Cloud,Agile,Risk Management",2,Master,IT Services,Kolkata
IT Manager,"Budgeting,Vendor Management,SQL,Agile,Project Management",3,Master,IT Services,Pune
IT Manager,"Risk Management,Agile,Project Management,Leadership,Cloud,SQL,Communication,Budgeting,Vendor Management",1,Master,IT Services,Coimbatore
IT Manager,"Communication,Budgeting,SQL,Risk Management,Cloud,Leadership,Vendor Management,Agile,ITIL",3,Master,IT Services,Hyderabad
IT Manager,"Risk Management,ITIL,Budgeting,Leadership,Project Management",2,Master,IT Services,Chicago
IT Manager,"Agile,Budgeting,Project Management,Cloud,ITIL,SQL",2,Master,IT Services,New York
IT Manager,"Budgeting,SQL,Project Management,ITIL,Vendor Management,Risk Management",5,Master,IT Services,Los Angeles
IT Manager,"Project Management,SQL,ITIL,Agile,Vendor Management,Risk Management,Budgeting,Leadership",1,Master,IT Services,Delhi
IT Manager,"ITIL,Vendor Management,Budgeting,Communication,Cloud,Project Management",6,Master,IT Services,Austin
IT Manager,"Project Management,Agile,Communication,SQL,ITIL",6,Master,IT Services,Pune
IT Manager,"Vendor Management,Cloud,ITIL,Leadership,Project Management,Budgeting,SQL,Communication,Risk Management",6,Master,IT Services,Chennai
Network Engineer,"Cisco,Linux,VPN,Routing,Switching,TCP/IP,Networking,Firewall,Security,Python",2,Bachelor,Telecommunications,Coimbatore
Network Engineer,"Routing,Security,Firewall,Linux,Switching,Python",3,Bachelor,Telecommunications,Atlanta
Network Engineer,"Networking,Cisco,Switching,Routing,TCP/IP,VPN,Python,Security,Linux,Firewall",4,Bachelor,Telecommunications,Denver
Network Engineer,"Python,Firewall,Switching,Networking,VPN,Routing",2,Bachelor,Telecommunications,Seattle
Network Engineer,"Firewall,VPN,Cisco,Switching,Routing,Security",6,Bachelor,Telecommunications,Delhi
Network Engineer,"Python,Security,Routing,TCP/IP,Firewall",0,Bachelor,Telecommunications,Chennai
Network Engineer,"Firewall,VPN,Linux,Networking,TCP/IP,Cisco,Security,Python,Routing,Switching",3,Bachelor,Telecommunications,Kolkata
Network Engineer,"TCP/IP,Cisco,Python,Linux,VPN,Networking",5,Bachelor,Telecommunications,Coimbatore
Network Engineer,"Security,Cisco,Switching,Routing,Firewall,VPN,Networking,Linux,Python,TCP/IP",4,Bachelor,Telecommunications,Kolkata
Network Engineer,"Linux,Routing,Python,TCP/IP,VPN,Firewall,Security,Cisco,Switching,Networking",4,Bachelor,Telecommunications,Coimbatore
Network Engineer,"TCP/IP,VPN,Routing,Firewall,Networking,Switching,Cisco,Python",3,Bachelor,Telecommunications,Delhi
Network Engineer,"Cisco,Security,Linux,TCP/IP,Networking,Routing,Switching,Firewall",0,Bachelor,Telecommunications,San Francisco
Network Engineer,"Cisco,Security,Firewall,Python,VPN,Networking,Routing,Switching,Linux,TCP/IP",0,Bachelor,Telecommunications,Delhi
Network Engineer,"VPN,Switching,Cisco,Python,Firewall,TCP/IP",4,Bachelor,Telecommunications,Chennai
Network Engineer,"Python,Firewall,Routing,TCP/IP,VPN,Security,Networking,Cisco,Linux",0,Bachelor,Telecommunications,Kolkata
Network Engineer,"VPN,Linux,Python,Routing,Security,Cisco,Firewall,Networking,Switching",2,Bachelor,Telecommunications,Mumbai
Network Engineer,"TCP/IP,VPN,Switching,Cisco,Firewall,Networking,Routing,Python,Linux",2,Bachelor,Telecommunications,Chicago
Network Engineer,"Security,Routing,Cisco,VPN,Firewall,Linux",6,Bachelor,Telecommunications,Austin
Network Engineer,"Python,Cisco,Switching,Firewall,Linux",3,Bachelor,Telecommunications,Seattle
Network Engineer,"Routing,Cisco,Networking,TCP/IP,Switching,Linux,VPN,Firewall,Python,Security",0,Bachelor,Telecommunications,Chennai
Network Engineer,"Switching,Linux,VPN,TCP/IP,Routing,Networking",6,Bachelor,Telecommunications,Gurgaon
Network Engineer,"VPN,Linux,TCP/IP,Python,Cisco,Networking,Security",4,Bachelor,Telecommunications,Hyderabad
Network Engineer,"Firewall,Cisco,Networking,Security,TCP/IP,VPN",1,Bachelor,Telecommunications,New York
Network Engineer,"Firewall,Security,Python,Cisco,TCP/IP,Linux,Routing,VPN",6,Bachelor,Telecommunications,Hyderabad
Network Engineer,"Cisco,TCP/IP,Firewall,Routing,Security,Linux,Switching,VPN,Networking,Python",5,Bachelor,Telecommunications,Noida
Network Engineer,"TCP/IP,Python,Switching,Security,Linux",0,Bachelor,Telecommunications,Noida
Network Engineer,"Python,Switching,TCP/IP,VPN,Routing,Cisco,Networking",5,Bachelor,Telecommunications,Bangalore
Network Engineer,"Networking,Security,TCP/IP,VPN,Firewall,Routing,Switching,Cisco",3,Bachelor,Telecommunications,Chicago
Network Engineer,"Switching,Security,Cisco,Routing,TCP/IP,Linux,Networking",6,Bachelor,Telecommunications,Pune
Network Engineer,"Firewall,VPN,TCP/IP,Security,Switching,Python,Networking",6,Bachelor,Telecommunications,Chennai
Network Engineer,"TCP/IP,Switching,Firewall,Networking,VPN,Security,Python,Linux,Routing",6,Bachelor,Telecommunications,Kolkata
Network Engineer,"Cisco,Routing,Security,Switching,Networking,Python",0,Bachelor,Telecommunications,Atlanta
Network Engineer,"Routing,Firewall,Security,Networking,VPN,TCP/IP",6,Bachelor,Telecommunications,Remote
Network Engineer,"Firewall,Python,VPN,Routing,Cisco",4,Bachelor,Telecommunications,New York
Network Engineer,"Routing,Python,Cisco,Networking,Security,TCP/IP,Switching,Firewall",0,Bachelor,Telecommunications,Kolkata
Network Engineer,"Security,Switching,Firewall,Routing,VPN",5,Bachelor,Telecommunications,Hyderabad
Network Engineer,"Security,Firewall,Routing,Cisco,Networking,Linux",2,Bachelor,Telecommunications,Austin
Network Engineer,"Switching,Python,Networking,TCP/IP,Cisco,Firewall,Linux,Routing",0,Bachelor,Telecommunications,Remote
Network Engineer,"TCP/IP,Linux,Switching,Security,VPN",0,Bachelor,Telecommunications,Boston
Network Engineer,"TCP/IP,Cisco,Python,Security,Firewall,Linux,Switching,Routing",1,Bachelor,Telecommunications,Chennai
Network Engineer,"Security,Routing,Networking,TCP/IP,Switching,Cisco,Linux,Firewall,VPN,Python",0,Bachelor,Telecommunications,Delhi
Network Engineer,"Switching,Python,Linux,VPN,Routing,Firewall,Networking",5,Bachelor,Telecommunications,Delhi
Network Engineer,"Networking,VPN,Routing,Linux,TCP/IP,Security,Python,Switching,Cisco,Firewall",3,Bachelor,Telecommunications,Bangalore
Network Engineer,"Networking,Security,TCP/IP,Firewall,Cisco,Linux",4,Bachelor,Telecommunications,Los Angeles
Network Engineer,"Python,VPN,Switching,Networking,Firewall,TCP/IP",4,Bachelor,Telecommunications,Coimbatore
Network Engineer,"Firewall,Switching,Linux,Networking,Python",5,Bachelor,Telecommunications,Boston
Network Engineer,"TCP/IP,Cisco,Switching,Linux,Routing,Firewall,Python,VPN,Security",3,Bachelor,Telecommunications,Atlanta
Network Engineer,"Security,Python,VPN,TCP/IP,Switching,Routing,Networking",1,Bachelor,Telecommunications,Kolkata
Network Engineer,"Python,VPN,TCP/IP,Switching,Linux,Security,Routing,Networking",5,Bachelor,Telecommunications,Pune
Network Engineer,"Routing,Firewall,Linux,Security,VPN,Networking",2,Bachelor,Telecommunications,New York
Network Engineer,"Python,TCP/IP,Networking,Linux,VPN,Cisco,Switching,Security,Routing",5,Bachelor,Telecommunications,Gurgaon
Network Engineer,"Firewall,Cisco,TCP/IP,Python,Switching,Networking,VPN,Routing,Linux",5,Bachelor,Telecommunications,Mumbai
Network Engineer,"Cisco,Firewall,TCP/IP,Routing,Networking",1,Bachelor,Telecommunications,Denver
Network Engineer,"Security,Cisco,VPN,Networking,TCP/IP,Routing,Switching,Firewall,Linux,Python",6,Bachelor,Telecommunications,Atlanta
Network Engineer,"Cisco,Security,Python,Routing,VPN,Linux,Switching,Firewall,Networking,TCP/IP",1,Bachelor,Telecommunications,Gurgaon
Network Engineer,"Python,Firewall,Routing,Linux,Cisco,Switching,VPN,Networking",2,Bachelor,Telecommunications,Chicago
Network Engineer,"TCP/IP,Routing,Firewall,Switching,Cisco,Python,Networking,Security,Linux",1,Bachelor,Telecommunications,San Francisco
Network Engineer,"VPN,TCP/IP,Firewall,Python,Switching,Routing,Security,Networking,Cisco,Linux",3,Bachelor,Telecommunications,Noida
Network Engineer,"Python,Linux,VPN,Switching,Routing,TCP/IP,Firewall,Networking,Security",1,Bachelor,Telecommunications,Boston
Network Engineer,"VPN,Routing,Python,Security,Cisco,Networking,Linux,Switching,TCP/IP",3,Bachelor,Telecommunications,Remote
Network Engineer,"Security,Networking,VPN,Cisco,Switching,Firewall,Linux",0,Bachelor,Telecommunications,Gurgaon
Network Engineer,"VPN,Python,Security,TCP/IP,Cisco",0,Bachelor,Telecommunications,Remote
Network Engineer,"Cisco,Firewall,TCP/IP,Python,Linux,Switching,Routing,Security,Networking,VPN",0,Bachelor,Telecommunications,Boston
Network Engineer,"Networking,Security,TCP/IP,Python,Firewall,VPN,Linux,Routing,Switching,Cisco",2,Bachelor,Telecommunications,Hyderabad
Network Engineer,"Networking,Switching,Routing,Cisco,Security,VPN,Firewall",1,Bachelor,Telecommunications,Delhi
Network Engineer,"Cisco,Security,Switching,Linux,TCP/IP,Python",6,Bachelor,Telecommunications,Seattle
Network Engineer,"Python,Security,Switching,Routing,TCP/IP,Cisco",1,Bachelor,Telecommunications,Coimbatore
Network Engineer,"TCP/IP,Cisco,Networking,Firewall,Routing,Security,Switching,Python",1,Bachelor,Telecommunications,Noida
Network Engineer,"Networking,Switching,Python,TCP/IP,Linux",2,Bachelor,Telecommunications,New York
Network Engineer,"Security,Routing,Networking,VPN,Switching,Firewall",1,Bachelor,Telecommunications,Hyderabad
Network Engineer,"Routing,Security,VPN,Firewall,TCP/IP,Networking",0,Bachelor,Telecommunications,Boston
Network Engineer,"Routing,TCP/IP,Python,Security,Firewall,Cisco,Switching,VPN,Linux",3,Bachelor,Telecommunications,Seattle
Network Engineer,"Routing,Cisco,Linux,Switching,Security,Networking,Python,Firewall,VPN,TCP/IP",4,Bachelor,Telecommunications,New York
Systems Analyst,"UML,Communication,Python,Agile,Requirements Gathering,Documentation",6,Bachelor,IT Services,Hyderabad
Systems Analyst,"Excel,SQL,UML,Python,Agile,Communication,Process Mapping,Documentation",6,Bachelor,IT Services,Austin
Systems Analyst,"Requirements Gathering,Communication,Excel,Documentation,UML,Process Mapping,Python,SQL",5,Bachelor,IT Services,Chicago
Systems Analyst,"Python,Communication,Documentation,SQL,Agile,Process Mapping,System Design",4,Bachelor,IT Services,Seattle
Systems Analyst,"Process Mapping,System Design,Python,Communication,UML,Agile,Documentation,Excel,SQL,Requirements Gathering",1,Bachelor,IT Services,Noida
Systems Analyst,"Agile,Process Mapping,Documentation,Python,UML,Communication,SQL,Excel,System Design",3,Bachelor,IT Services,Mumbai
Systems Analyst,"Agile,Communication,Python,UML,SQL,Excel,Requirements Gathering,System Design,Documentation,Process Mapping",3,Bachelor,IT Services,Seattle
Systems Analyst,"SQL,Communication,Process Mapping,Agile,UML,Requirements Gathering,Python",4,Bachelor,IT Services,Atlanta
Systems Analyst,"Agile,UML,Requirements Gathering,Process Mapping,System Design,Documentation",3,Bachelor,IT Services,Chicago
Systems Analyst,"Process Mapping,Python,Excel,Documentation,Requirements Gathering",0,Bachelor,IT Services,Kolkata
Systems Analyst,"SQL,Python,Documentation,Process Mapping,Excel,UML,Requirements Gathering,Agile",5,Bachelor,IT Services,Atlanta
Systems Analyst,"Requirements Gathering,Python,Communication,System Design,Process Mapping,UML,Excel",1,Bachelor,IT Services,Coimbatore
Systems Analyst,"Documentation,SQL,Python,Process Mapping,Requirements Gathering,System Design,Excel",3,Bachelor,IT Services,Mumbai
Systems Analyst,"UML,Documentation,Process Mapping,Excel,System Design,SQL",1,Bachelor,IT Services,Bangalore
Systems Analyst,"SQL,System Design,Communication,Requirements Gathering,Python,Agile,Documentation,Excel",4,Bachelor,IT Services,Remote
Systems Analyst,"Excel,Communication,Process Mapping,System Design,SQL",5,Bachelor,IT Services,Hyderabad
Systems Analyst,"UML,Documentation,SQL,Requirements Gathering,Process Mapping,Communication,Agile,Excel,Python,System Design",5,Bachelor,IT Services,Hyderabad
Systems Analyst,"Excel,UML,SQL,Python,Requirements Gathering,Process Mapping",0,Bachelor,IT Services,New York
Systems Analyst,"Python,UML,System Design,Process Mapping,Requirements Gathering,Excel,Agile,Communication",4,Bachelor,IT Services,Austin
Systems Analyst,"Requirements Gathering,System Design,Documentation,Excel,Python,SQL,Agile",0,Bachelor,IT Services,Denver
Systems Analyst,"Communication,Excel,Documentation,UML,SQL,Requirements Gathering,System Design,Agile,Python,Process Mapping",1,Bachelor,IT Services,Delhi
Systems Analyst,"Requirements Gathering,SQL,Python,Agile,UML,Communication,Process Mapping",6,Bachelor,IT Services,Mumbai
Systems Analyst,"Documentation,SQL,Excel,Process Mapping,Python,Requirements Gathering,Agile,System Design,Communication,UML",4,Bachelor,IT Services,Austin
Systems Analyst,"Agile,UML,Excel,Documentation,System Design,SQL,Communication,Process Mapping",5,Bachelor,IT Services,Boston
Systems Analyst,"UML,Requirements Gathering,System Design,SQL,Communication,Documentation,Python,Excel,Process Mapping",5,Bachelor,IT Services,Atlanta
Systems Analyst,"Communication,Documentation,Requirements Gathering,UML,Python,Excel,System Design,Agile,Process Mapping",1,Bachelor,IT Services,Atlanta
Systems Analyst,"Agile,Excel,Python,UML,Documentation",2,Bachelor,IT Services,Delhi
Systems Analyst,"Excel,Python,SQL,System Design,UML,Agile,Requirements Gathering,Process Mapping",0,Bachelor,IT Services,Bangalore
Systems Analyst,"Documentation,Communication,System Design,Agile,Requirements Gathering,UML",1,Bachelor,IT Services,San Francisco
Systems Analyst,"UML,Documentation,System Design,Agile,SQL,Requirements Gathering,Python,Process Mapping",3,Bachelor,IT Services,Noida
Systems Analyst,"UML,Python,Agile,System Design,Communication",2,Bachelor,IT Services,Atlanta
Systems Analyst,"Documentation,Process Mapping,Agile,UML,Python,SQL",6,Bachelor,IT Services,San Francisco
Systems Analyst,"UML,Process Mapping,Agile,Documentation,Excel,Requirements Gathering,System Design,Communication,Python,SQL",2,Bachelor,IT Services,Gurgaon
Systems Analyst,"Process Mapping,SQL,Agile,System Design,UML",1,Bachelor,IT Services,Mumbai
Systems Analyst,"SQL,Process Mapping,Agile,Requirements Gathering,System Design,Communication,Python,Excel",1,Bachelor,IT Services,Los Angeles
Systems Analyst,"Documentation,Communication,System Design,Excel,UML,Python,Process Mapping,Agile,SQL,Requirements Gathering",4,Bachelor,IT Services,Bangalore
Systems Analyst,"System Design,Agile,Documentation,Process Mapping,SQL,UML,Python",3,Bachelor,IT Services,Austin
Systems Analyst,"Communication,Documentation,UML,Process Mapping,System Design,Agile",3,Bachelor,IT Services,Chicago
Systems Analyst,"Excel,Agile,Communication,Python,Process Mapping,UML,Requirements Gathering,Documentation",4,Bachelor,IT Services,Denver
Systems Analyst,"UML,SQL,Communication,Excel,Agile,Documentation",3,Bachelor,IT Services,Bangalore
Systems Analyst,"Process Mapping,System Design,Documentation,SQL,UML,Communication,Excel,Agile",1,Bachelor,IT Services,Chicago
Systems Analyst,"UML,Agile,Excel,SQL,Python,System Design,Requirements Gathering,Documentation,Process Mapping",2,Bachelor,IT Services,Remote
Systems Analyst,"Documentation,Python,Communication,UML,System Design,Agile,Process Mapping,Requirements Gathering",5,Bachelor,IT Services,Denver
Systems Analyst,"Agile,Communication,System Design,Documentation,Process Mapping,Requirements Gathering,Excel",2,Bachelor,IT Services,Chicago
Systems Analyst,"Communication,Requirements Gathering,Excel,Agile,SQL,System Design,Process Mapping,Documentation,Python",6,Bachelor,IT Services,Chicago
Systems Analyst,"Agile,Documentation,SQL,Python,Communication",2,Bachelor,IT Services,Atlanta
Systems Analyst,"System Design,Process Mapping,Communication,Documentation,Python,Agile,Excel,SQL",6,Bachelor,IT Services,Mumbai
Systems Analyst,"Excel,SQL,Communication,Python,Agile",6,Bachelor,IT Services,Denver
Systems Analyst,"Process Mapping,Agile,Documentation,Python,Excel,System Design,Communication",1,Bachelor,IT Services,Austin
Systems Analyst,"UML,Documentation,Process Mapping,Communication,System Design,Agile,SQL,Excel,Python",6,Bachelor,IT Services,Bangalore
Systems Analyst,"Excel,Agile,Process Mapping,Python,UML,System Design,Communication,Requirements Gathering,Documentation,SQL",0,Bachelor,IT Services,Denver
Systems Analyst,"SQL,Documentation,Agile,Communication,Python",2,Bachelor,IT Services,Boston
Systems Analyst,"Requirements Gathering,Process Mapping,System Design,Agile,Documentation,Python,Excel,UML,SQL",6,Bachelor,IT Services,Bangalore
Systems Analyst,"Process Mapping,Documentation,SQL,Python,UML,System Design",3,Bachelor,IT Services,Mumbai
Systems Analyst,"Agile,Process Mapping,System Design,Communication,Excel,Python",5,Bachelor,IT Services,Noida
Systems Analyst,"Documentation,Requirements Gathering,Agile,System Design,Communication,Python",3,Bachelor,IT Services,Hyderabad
Systems Analyst,"Documentation,Requirements Gathering,System Design,Excel,SQL,UML,Agile",1,Bachelor,IT Services,Boston
Systems Analyst,"Communication,System Design,Excel,UML,SQL",4,Bachelor,IT Services,Chicago
Systems Analyst,"SQL,Communication,Python,Process Mapping,UML,System Design,Agile,Requirements Gathering,Excel,Documentation",4,Bachelor,IT Services,New York
Systems Analyst,"Process Mapping,Python,Requirements Gathering,Communication,Excel,Agile,Documentation,UML,SQL,System Design",4,Bachelor,IT Services,Remote
Systems Analyst,"UML,SQL,Process Mapping,Python,Documentation",6,Bachelor,IT Services,Boston
Systems Analyst,"Requirements Gathering,Communication,Python,Process Mapping,SQL,Excel,Documentation,System Design,Agile",2,Bachelor,IT Services,Bangalore
Scrum Master,"Coaching,Leadership,Scrum,Stakeholder Management,Agile,Kanban,Risk Management,Jira",6,Bachelor,Consulting,New York
Scrum Master,"Agile,Scrum,Leadership,Kanban,Facilitation,Communication",0,Bachelor,Consulting,Seattle
Scrum Master,"Facilitation,Communication,Leadership,Kanban,Stakeholder Management,Scrum",1,Bachelor,Consulting,Chicago
Scrum Master,"Communication,Coaching,Scrum,Risk Management,Kanban",5,Bachelor,Consulting,Gurgaon
Scrum Master,"Leadership,Kanban,Risk Management,Facilitation,Scrum,Jira,Stakeholder Management,Agile,Communication",3,Bachelor,Consulting,Gurgaon
Scrum Master,"Coaching,Leadership,Stakeholder Management,Agile,Risk Management,Scrum,Kanban,Communication",4,Bachelor,Consulting,Atlanta
Scrum Master,"Facilitation,Kanban,Scrum,Agile,Jira,Communication,Leadership,Stakeholder Management,Risk Management,Coaching",0,Bachelor,Consulting,New York
Scrum Master,"Scrum,Agile,Jira,Leadership,Stakeholder Management,Risk Management,Kanban,Coaching",0,Bachelor,Consulting,Seattle
Scrum Master,"Scrum,Leadership,Agile,Kanban,Coaching,Stakeholder Management,Risk Management,Communication,Jira",5,Bachelor,Consulting,Chicago
Scrum Master,"Scrum,Risk Management,Jira,Leadership,Facilitation",1,Bachelor,Consulting,Austin
Scrum Master,"Facilitation,Stakeholder Management,Jira,Leadership,Kanban,Coaching,Scrum,Risk Management,Agile",3,Bachelor,Consulting,Kolkata
Scrum Master,"Leadership,Communication,Scrum,Jira,Coaching",4,Bachelor,Consulting,Chicago
Scrum Master,"Coaching,Risk Management,Scrum,Jira,Kanban,Communication,Stakeholder Management",3,Bachelor,Consulting,Chicago
Scrum Master,"Kanban,Scrum,Jira,Agile,Communication",3,Bachelor,Consulting,New York
Scrum Master,"Scrum,Coaching,Agile,Risk Management,Communication,Leadership,Facilitation,Stakeholder Management,Kanban",1,Bachelor,Consulting,Hyderabad
Scrum Master,"Scrum,Jira,Kanban,Agile,Stakeholder Management,Communication",2,Bachelor,Consulting,Austin
Scrum Master,"Scrum,Facilitation,Communication,Stakeholder Management,Coaching,Jira",4,Bachelor,Consulting,Austin
Scrum Master,"Facilitation,Coaching,Agile,Communication,Jira",6,Bachelor,Consulting,Pune
Scrum Master,"Stakeholder Management,Jira,Facilitation,Scrum,Kanban,Communication,Agile",0,Bachelor,Consulting,Chicago
Scrum Master,"Jira,Facilitation,Leadership,Agile,Stakeholder Management",4,Bachelor,Consulting,San Francisco
Scrum Master,"Stakeholder Management,Jira,Leadership,Facilitation,Communication,Kanban,Risk Management,Coaching,Scrum,Agile",5,Bachelor,Consulting,Remote
Scrum Master,"Agile,Risk Management,Scrum,Coaching,Kanban,Communication,Jira,Stakeholder Management,Leadership",5,Bachelor,Consulting,Hyderabad
Scrum Master,"Facilitation,Stakeholder Management,Coaching,Risk Management,Communication,Scrum,Agile,Leadership,Jira",6,Bachelor,Consulting,Boston
Scrum Master,"Kanban,Scrum,Coaching,Communication,Jira",2,Bachelor,Consulting,Kolkata
Scrum Master,"Jira,Stakeholder Management,Facilitation,Coaching,Communication,Agile,Scrum,Risk Management",4,Bachelor,Consulting,Kolkata
Scrum Master,"Facilitation,Communication,Scrum,Stakeholder Management,Jira,Leadership",2,Bachelor,Consulting,Seattle
Scrum Master,"Kanban,Stakeholder Management,Communication,Scrum,Agile,Risk Management",4,Bachelor,Consulting,Denver
Scrum Master,"Communication,Stakeholder Management,Risk Management,Scrum,Facilitation,Kanban,Coaching,Agile,Leadership,Jira",5,Bachelor,Consulting,Kolkata
Scrum Master,"Communication,Coaching,Jira,Kanban,Stakeholder Management,Risk Management,Agile,Scrum,Leadership,Facilitation",2,Bachelor,Consulting,Los Angeles
Scrum Master,"Coaching,Jira,Stakeholder Management,Leadership,Agile,Facilitation",5,Bachelor,Consulting,Remote
Scrum Master,"Communication,Kanban,Stakeholder Management,Agile,Coaching,Scrum,Risk Management,Facilitation",0,Bachelor,Consulting,New York
Scrum Master,"Risk Management,Leadership,Agile,Stakeholder Management,Jira",4,Bachelor,Consulting,Austin
Scrum Master,"Risk Management,Stakeholder Management,Scrum,Agile,Jira,Facilitation,Coaching,Communication,Leadership,Kanban",0,Bachelor,Consulting,Gurgaon
Scrum Master,"Coaching,Jira,Scrum,Communication,Facilitation,Kanban,Stakeholder Management",5,Bachelor,Consulting,Denver
Scrum Master,"Risk Management,Facilitation,Leadership,Communication,Coaching,Scrum,Agile",4,Bachelor,Consulting,Mumbai
Scrum Master,"Risk Management,Kanban,Leadership,Coaching,Communication,Stakeholder Management,Agile,Scrum,Facilitation",2,Bachelor,Consulting,New York
Scrum Master,"Facilitation,Kanban,Communication,Coaching,Agile,Jira",6,Bachelor,Consulting,Seattle
Scrum Master,"Scrum,Leadership,Risk Management,Coaching,Agile",2,Bachelor,Consulting,Kolkata
Scrum Master,"Jira,Agile,Scrum,Kanban,Coaching,Risk Management,Stakeholder Management",0,Bachelor,Consulting,Coimbatore
Scrum Master,"Kanban,Agile,Stakeholder Management,Jira,Leadership,Communication,Risk Management,Coaching",1,Bachelor,Consulting,Hyderabad
Scrum Master,"Communication,Facilitation,Risk Management,Jira,Coaching,Scrum,Kanban,Leadership",4,Bachelor,Consulting,Boston
Scrum Master,"Leadership,Coaching,Kanban,Risk Management,Stakeholder Management,Agile,Facilitation",5,Bachelor,Consulting,Kolkata
Scrum Master,"Scrum,Facilitation,Stakeholder Management,Agile,Risk Management,Kanban,Coaching,Communication,Leadership,Jira",0,Bachelor,Consulting,Noida
Scrum Master,"Risk Management,Kanban,Coaching,Facilitation,Leadership,Stakeholder Management",6,Bachelor,Consulting,Chicago
Scrum Master,"Coaching,Risk Management,Stakeholder Management,Agile,Jira,Leadership",5,Bachelor,Consulting,Delhi
Scrum Master,"Scrum,Coaching,Facilitation,Jira,Agile,Communication,Risk Management,Leadership,Kanban",6,Bachelor,Consulting,Denver
Scrum Master,"Agile,Coaching,Communication,Stakeholder Management,Leadership,Facilitation",0,Bachelor,Consulting,Austin
Scrum Master,"Kanban,Communication,Jira,Risk Management,Stakeholder Management",3,Bachelor,Consulting,Hyderabad
Scrum Master,"Facilitation,Communication,Agile,Scrum,Kanban,Risk Management,Stakeholder Management,Jira,Coaching,Leadership",6,Bachelor,Consulting,Gurgaon
Scrum Master,"Facilitation,Kanban,Stakeholder Management,Scrum,Agile,Communication,Jira",3,Bachelor,Consulting,Remote
Scrum Master,"Leadership,Agile,Communication,Jira,Coaching,Risk Management,Facilitation,Stakeholder Management,Scrum,Kanban",5,Bachelor,Consulting,Pune
Scrum Master,"Leadership,Stakeholder Management,Communication,Jira,Facilitation,Agile",6,Bachelor,Consulting,Hyderabad
Scrum Master,"Facilitation,Stakeholder Management,Coaching,Risk Management,Leadership,Agile,Scrum,Jira,Communication,Kanban",6,Bachelor,Consulting,Noida
Scrum Master,"Risk Management,Leadership,Kanban,Jira,Agile,Facilitation,Communication",4,Bachelor,Consulting,Chennai
Scrum Master,"Jira,Risk Management,Scrum,Coaching,Stakeholder Management",4,Bachelor,Consulting,Hyderabad
Scrum Master,"Facilitation,Coaching,Communication,Stakeholder Management,Leadership,Jira",1,Bachelor,Consulting,Austin
Scrum Master,"Risk Management,Jira,Agile,Coaching,Stakeholder Management,Leadership,Facilitation",5,Bachelor,Consulting,Bangalore
Scrum Master,"Kanban,Agile,Scrum,Facilitation,Leadership",4,Bachelor,Consulting,Noida
Scrum Master,"Coaching,Jira,Stakeholder Management,Facilitation,Agile,Kanban",5,Bachelor,Consulting,Hyderabad
Scrum Master,"Coaching,Risk Management,Stakeholder Management,Scrum,Agile",5,Bachelor,Consulting,Delhi
Scrum Master,"Facilitation,Stakeholder Management,Kanban,Scrum,Agile,Coaching,Communication,Risk Management,Jira",3,Bachelor,Consulting,Pune
Scrum Master,"Stakeholder Management,Scrum,Facilitation,Agile,Coaching,Leadership,Kanban,Jira",0,Bachelor,Consulting,Denver
Scrum Master,"Stakeholder Management,Agile,Coaching,Jira,Risk Management,Communication,Leadership,Facilitation,Kanban,Scrum",4,Bachelor,Consulting,Gurgaon
Scrum Master,"Agile,Facilitation,Coaching,Leadership,Risk Management,Communication,Scrum,Stakeholder Management",0,Bachelor,Consulting,Los Angeles
Data Architect,"Kafka,PostgreSQL,Python,Data Modeling,Spark,AWS,SQL",0,Master,Technology,Noida
Data Architect,"Data Modeling,AWS,Kafka,PostgreSQL,ETL,Azure,Python,Spark",5,Master,Technology,Noida
Data Architect,"Data Modeling,Azure,PostgreSQL,Python,Spark,ETL,Architecture,SQL,AWS,Kafka",3,Master,Technology,Seattle
Data Architect,"ETL,SQL,Spark,Azure,PostgreSQL,Architecture,Kafka,AWS,Python,Data Modeling",1,Master,Technology,Remote
Data Architect,"Spark,ETL,Azure,PostgreSQL,Python,Data Modeling,Kafka,SQL,AWS,Architecture",0,Master,Technology,Remote
Data Architect,"ETL,Azure,Python,AWS,Architecture",4,Master,Technology,Denver
Data Architect,"Architecture,Python,Data Modeling,Kafka,Azure,SQL,ETL",4,Master,Technology,Kolkata
Data Architect,"PostgreSQL,Architecture,ETL,AWS,SQL,Spark,Python,Kafka,Data Modeling",5,Master,Technology,Delhi
Data Architect,"AWS,SQL,Azure,ETL,PostgreSQL,Kafka,Spark",4,Master,Technology,New York
Data Architect,"Kafka,AWS,Architecture,PostgreSQL,ETL,Data Modeling,Azure,SQL",5,Master,Technology,Coimbatore
Data Architect,"SQL,Kafka,ETL,Data Modeling,Azure,Spark,PostgreSQL,AWS,Architecture",0,Master,Technology,Chennai
Data Architect,"Spark,Architecture,Data Modeling,ETL,PostgreSQL,Python,Azure",3,Master,Technology,Boston
Data Architect,"SQL,Kafka,Data Modeling,AWS,PostgreSQL,Azure,Python",3,Master,Technology,Pune
Data Architect,"AWS,ETL,PostgreSQL,SQL,Data Modeling",6,Master,Technology,Delhi
Data Architect,"PostgreSQL,ETL,SQL,Kafka,Spark,Data Modeling,AWS,Architecture",5,Master,Technology,San Francisco
Data Architect,"Architecture,Spark,AWS,ETL,Data Modeling,Azure,Python,SQL,PostgreSQL",2,Master,Technology,Denver
Data Architect,"ETL,Azure,SQL,Spark,Kafka",3,Master,Technology,Pune
Data Architect,"Data Modeling,ETL,PostgreSQL,Azure,Architecture,SQL,AWS",4,Master,Technology,New York
Data Architect,"Spark,Architecture,Azure,Data Modeling,ETL,SQL,PostgreSQL,Python",1,Master,Technology,Kolkata
Data Architect,"Spark,Architecture,Azure,Data Modeling,PostgreSQL,ETL,SQL,Python",1,Master,Technology,Denver
Data Architect,"AWS,Python,ETL,Azure,Data Modeling,SQL,Spark",5,Master,Technology,Gurgaon
Data Architect,"Data Modeling,Spark,Python,Kafka,SQL,ETL,Azure,PostgreSQL",5,Master,Technology,Kolkata
Data Architect,"Azure,ETL,Spark,AWS,Data Modeling,Kafka,SQL,PostgreSQL,Architecture",1,Master,Technology,Gurgaon
Data Architect,"Architecture,Python,Azure,Data Modeling,AWS,SQL,ETL,Kafka,Spark,PostgreSQL",2,Master,Technology,Coimbatore
Data Architect,"Architecture,PostgreSQL,Spark,Kafka,Data Modeling,Azure,AWS,ETL,SQL",4,Master,Technology,Delhi
Data Architect,"Python,Spark,AWS,Data Modeling,Architecture,PostgreSQL,SQL,ETL,Azure,Kafka",1,Master,Technology,Denver
Data Architect,"Python,AWS,Spark,ETL,Architecture,Kafka,Data Modeling",5,Master,Technology,Los Angeles
Data Architect,"Architecture,Data Modeling,PostgreSQL,Python,Azure",5,Master,Technology,Chicago
Data Architect,"Kafka,Data Modeling,Python,Spark,Azure,Architecture,SQL,PostgreSQL,AWS,ETL",2,Master,Technology,Noida
Data Architect,"Data Modeling,Kafka,Python,PostgreSQL,ETL,Spark,Architecture,AWS,Azure,SQL",6,Master,Technology,Chicago
Data Architect,"Kafka,AWS,Python,Architecture,Spark",5,Master,Technology,Los Angeles
Data Architect,"Azure,AWS,Kafka,Architecture,SQL,Data Modeling,Spark",6,Master,Technology,Seattle
Data Architect,"SQL,Python,Architecture,PostgreSQL,Azure,ETL,Kafka,Data Modeling,Spark,AWS",1,Master,Technology,Noida
Data Architect,"Spark,Architecture,Azure,Kafka,Data Modeling,ETL,AWS",5,Master,Technology,New York
Data Architect,"SQL,ETL,Python,PostgreSQL,AWS,Kafka,Azure,Data Modeling,Architecture,Spark",6,Master,Technology,Atlanta
Data Architect,"AWS,Kafka,PostgreSQL,Azure,Spark,Python,ETL,Architecture",3,Master,Technology,Chennai
Data Architect,"SQL,AWS,Data Modeling,Python,ETL,Kafka,PostgreSQL,Azure",3,Master,Technology,Mumbai
Data Architect,"Data Modeling,Architecture,AWS,Azure,Spark",6,Master,Technology,Chicago
Data Architect,"Data Modeling,AWS,Spark,Architecture,Python,PostgreSQL,Azure,ETL",6,Master,Technology,Gurgaon
Data Architect,"Azure,ETL,Spark,PostgreSQL,Data Modeling,SQL,Architecture",2,Master,Technology,Noida
Data Architect,"AWS,Architecture,PostgreSQL,Kafka,Azure,Spark,Data Modeling",6,Master,Technology,Remote
Data Architect,"AWS,SQL,Data Modeling,PostgreSQL,Python,Kafka,Spark,Architecture",4,Master,Technology,Delhi
Data Architect,"Kafka,AWS,SQL,Spark,Python,PostgreSQL,Azure,Data Modeling",6,Master,Technology,Coimbatore
Data Architect,"Python,Architecture,Spark,Azure,ETL,PostgreSQL",6,Master,Technology,Kolkata
Data Architect,"AWS,PostgreSQL,Spark,Data Modeling,Python,Architecture,Kafka,ETL,SQL,Azure",6,Master,Technology,Kolkata
Data Architect,"Azure,ETL,AWS,Architecture,Spark,Data Modeling,Kafka,Python",4,Master,Technology,Kolkata
Data Architect,"Kafka,Azure,PostgreSQL,Spark,Data Modeling,Architecture,Python,ETL,AWS",6,Master,Technology,Remote
Data Architect,"Spark,ETL,AWS,Kafka,Azure,PostgreSQL,SQL,Python",6,Master,Technology,Los Angeles
Data Architect,"ETL,SQL,Architecture,Azure,Data Modeling",0,Master,Technology,Chennai
Data Architect,"Kafka,PostgreSQL,AWS,ETL,Data Modeling,Architecture,Azure",1,Master,Technology,Bangalore
Data Architect,"AWS,Azure,Spark,Kafka,ETL,Data Modeling,PostgreSQL,Architecture,Python,SQL",1,Master,Technology,Remote
Data Architect,"Data Modeling,ETL,Python,SQL,Architecture,PostgreSQL,Azure,Spark,Kafka",3,Master,Technology,Mumbai
Data Architect,"Python,Kafka,Data Modeling,Azure,AWS",5,Master,Technology,Atlanta
Data Architect,"ETL,PostgreSQL,Azure,SQL,Kafka,Spark,Architecture",3,Master,Technology,Hyderabad
Data Architect,"AWS,SQL,PostgreSQL,Kafka,Python,Data Modeling,ETL,Architecture",5,Master,Technology,Austin
Data Architect,"Architecture,Spark,Data Modeling,Python,Kafka,ETL",4,Master,Technology,Denver
Data Architect,"ETL,SQL,Data Modeling,Python,Azure,PostgreSQL,Kafka",4,Master,Technology,Atlanta
Data Architect,"Data Modeling,AWS,PostgreSQL,SQL,Spark,Architecture,Azure,Kafka",4,Master,Technology,Kolkata
Data Architect,"Python,Data Modeling,Kafka,AWS,Spark",6,Master,Technology,Chicago
Data Architect,"Spark,SQL,Data Modeling,PostgreSQL,Architecture,Azure,Kafka,Python,AWS",1,Master,Technology,Austin
Solutions Architect,"Security,Kubernetes,Networking,AWS,Microservices,Azure,Docker,System Design,Python",4,Master,Technology,Atlanta
Solutions Architect,"Docker,Security,Azure,AWS,REST API,Networking,System Design,Microservices,Kubernetes,Python",6,Master,Technology,Chicago
Solutions Architect,"Docker,AWS,System Design,Kubernetes,Python,REST API,Security",1,Master,Technology,New York
Solutions Architect,"Networking,Docker,Microservices,Python,REST API,Security,System Design,Kubernetes,Azure,AWS",3,Master,Technology,New York
Solutions Architect,"Docker,Azure,Python,System Design,Microservices,Kubernetes",2,Master,Technology,Hyderabad
Solutions Architect,"Networking,Docker,Python,Kubernetes,Azure,Microservices,Security,System Design",4,Master,Technology,Mumbai
Solutions Architect,"System Design,Networking,Python,REST API,Docker,AWS",5,Master,Technology,Los Angeles
Solutions Architect,"System Design,AWS,Azure,Microservices,Python,Security,Kubernetes",4,Master,Technology,Chicago
Solutions Architect,"Microservices,Security,Azure,Python,System Design,Kubernetes,Networking",3,Master,Technology,Remote
Solutions Architect,"REST API,Networking,AWS,Security,Microservices,Python,Azure,Docker,Kubernetes",5,Master,Technology,Coimbatore
Solutions Architect,"AWS,Networking,Azure,REST API,Microservices,Kubernetes,Security",1,Master,Technology,Seattle
Solutions Architect,"AWS,REST API,System Design,Python,Networking,Azure,Docker",4,Master,Technology,Boston
Solutions Architect,"Kubernetes,System Design,Docker,REST API,Networking,Azure,Microservices,Security",2,Master,Technology,New York
Solutions Architect,"Kubernetes,Azure,AWS,Networking,System Design,Security,Microservices,Docker,REST API,Python",0,Master,Technology,Kolkata
Solutions Architect,"AWS,Azure,Security,Microservices,REST API,Networking,Python",5,Master,Technology,Kolkata
Solutions Architect,"AWS,Kubernetes,Python,Networking,Microservices,Security,Azure,System Design,REST API,Docker",0,Master,Technology,Hyderabad
Solutions Architect,"Python,REST API,Azure,AWS,Microservices,Security,Networking,Kubernetes,System Design",3,Master,Technology,Bangalore
Solutions Architect,"REST API,Docker,Kubernetes,Azure,Python,Microservices,AWS",0,Master,Technology,San Francisco
Solutions Architect,"Docker,System Design,Networking,Kubernetes,AWS,Microservices,Python,Azure,REST API,Security",2,Master,Technology,Chennai
Solutions Architect,"Python,Microservices,Security,REST API,Kubernetes,Networking,Docker,System Design",4,Master,Technology,Denver
Solutions Architect,"Azure,AWS,Python,Kubernetes,System Design",0,Master,Technology,Gurgaon
Solutions Architect,"Kubernetes,Security,Docker,System Design,AWS",6,Master,Technology,Atlanta
Solutions Architect,"System Design,Security,Kubernetes,AWS,Python,Networking,Microservices,Docker",3,Master,Technology,Bangalore
Solutions Architect,"Azure,Security,Python,Kubernetes,REST API,AWS,Networking,System Design,Docker,Microservices",2,Master,Technology,Atlanta
Solutions Architect,"Azure,Docker,Kubernetes,AWS,System Design,Microservices,Networking",4,Master,Technology,Boston
Solutions Architect,"Azure,System Design,Microservices,AWS,Security,REST API",6,Master,Technology,Hyderabad
Solutions Architect,"AWS,Azure,Security,Networking,REST API,Kubernetes,System Design,Python,Microservices,Docker",1,Master,Technology,Pune
Solutions Architect,"Kubernetes,Networking,Microservices,Python,Docker,REST API,Security",1,Master,Technology,Denver
Solutions Architect,"Security,Python,Microservices,Docker,Kubernetes,Networking,Azure",3,Master,Technology,Gurgaon
Solutions Architect,"Microservices,Python,System Design,AWS,Networking,Security",5,Master,Technology,Atlanta
Solutions Architect,"Kubernetes,AWS,Azure,Python,REST API,Docker,Security,Networking",2,Master,Technology,Boston
Solutions Architect,"Security,Docker,Azure,REST API,Microservices",0,Master,Technology,Bangalore
Solutions Architect,"Kubernetes,Azure,REST API,Python,Security",2,Master,Technology,Los Angeles
Solutions Architect,"REST API,System Design,Microservices,Python,AWS,Azure,Kubernetes,Docker,Networking,Security",3,Master,Technology,Noida
Solutions Architect,"System Design,Python,Kubernetes,Networking,Docker,Microservices,REST API",4,Master,Technology,Bangalore
Solutions Architect,"Azure,AWS,REST API,System Design,Kubernetes",5,Master,Technology,Mumbai
Solutions Architect,"Azure,Python,Docker,Networking,System Design,Security,Microservices",0,Master,Technology,Los Angeles
Solutions Architect,"REST API,Security,Python,Docker,Kubernetes",6,Master,Technology,Boston
Solutions Architect,"Azure,REST API,Security,AWS,System Design",3,Master,Technology,Denver
Solutions Architect,"Networking,AWS,Microservices,Security,Kubernetes,Azure,Docker,REST API",0,Master,Technology,Remote
Solutions Architect,"Azure,Security,Networking,AWS,REST API",1,Master,Technology,Los Angeles
Solutions Architect,"Networking,Microservices,Docker,Security,AWS,Python,Kubernetes,REST API,Azure,System Design",1,Master,Technology,Kolkata
Solutions Architect,"Security,REST API,Docker,Networking,Kubernetes,AWS,System Design,Microservices",3,Master,Technology,Delhi
Solutions Architect,"Kubernetes,Networking,System Design,Security,Microservices,REST API,Python",0,Master,Technology,Pune
Solutions Architect,"Networking,System Design,Kubernetes,REST API,Azure,Microservices,Docker,Security",3,Master,Technology,Los Angeles
Solutions Architect,"System Design,Security,AWS,Kubernetes,Microservices,Networking",3,Master,Technology,Gurgaon
Solutions Architect,"Docker,AWS,Networking,Microservices,Kubernetes,Security,Azure,Python",6,Master,Technology,Boston
Solutions Architect,"AWS,Networking,Kubernetes,REST API,Azure,Python,Security,Docker,Microservices",6,Master,Technology,Atlanta
Solutions Architect,"Azure,Microservices,Security,Kubernetes,REST API,AWS,Python,Docker,System Design",2,Master,Technology,Denver
Solutions Architect,"Azure,Networking,REST API,AWS,Kubernetes,System Design,Microservices,Docker",1,Master,Technology,Coimbatore
Solutions Architect,"Python,Security,Kubernetes,Docker,Azure,AWS",6,Master,Technology,Los Angeles
Solutions Architect,"Networking,System Design,Docker,Security,Kubernetes,REST API,AWS,Azure,Microservices",5,Master,Technology,Bangalore
Solutions Architect,"Azure,REST API,Microservices,System Design,Kubernetes,Security,AWS,Docker,Networking",1,Master,Technology,Austin
Solutions Architect,"Kubernetes,REST API,AWS,Azure,Networking,Security,Docker",2,Master,Technology,Boston
Solutions Architect,"Microservices,Docker,Python,Kubernetes,REST API,Networking",0,Master,Technology,Austin
Solutions Architect,"System Design,AWS,REST API,Security,Python,Docker,Microservices,Azure,Kubernetes",4,Master,Technology,Atlanta
Solutions Architect,"Docker,Azure,System Design,Microservices,AWS,Networking,REST API",4,Master,Technology,Denver
Solutions Architect,"Microservices,Docker,Kubernetes,Python,Security",6,Master,Technology,Remote
Solutions Architect,"Microservices,Python,System Design,AWS,Docker,Security",4,Master,Technology,Bangalore
Solutions Architect,"Azure,Security,System Design,AWS,Kubernetes",6,Master,Technology,Coimbatore
Solutions Architect,"Python,Security,System Design,Kubernetes,Docker,AWS,REST API,Microservices",0,Master,Technology,Gurgaon
Solutions Architect,"Python,Networking,REST API,Microservices,Security,Kubernetes,Azure",2,Master,Technology,Chennai
Solutions Architect,"Kubernetes,REST API,System Design,Python,Microservices,Networking",6,Master,Technology,Pune
Solutions Architect,"AWS,Docker,Networking,REST API,Security",1,Master,Technology,Chennai
Solutions Architect,"Security,AWS,Python,Docker,System Design,REST API,Microservices,Azure,Kubernetes,Networking",2,Master,Technology,Chennai
Prompt Engineer,"Prompt Design,Python,LangChain,Transformers,NLP,Research",1,Bachelor,Technology,Gurgaon
Prompt Engineer,"Python,API Integration,Prompt Design,Transformers,NLP,LangChain,ChatGPT,Machine Learning,Research",1,Bachelor,Technology,Noida
Prompt Engineer,"Research,Python,Prompt Design,ChatGPT,API Integration,LangChain",4,Bachelor,Technology,Denver
Prompt Engineer,"Research,ChatGPT,API Integration,Prompt Design,Python,NLP,Machine Learning",5,Bachelor,Technology,Denver
Prompt Engineer,"Transformers,Machine Learning,Communication,Research,LangChain",5,Bachelor,Technology,New York
Prompt Engineer,"Communication,Prompt Design,API Integration,Python,ChatGPT,NLP,Research,Machine Learning",3,Bachelor,Technology,Hyderabad
Prompt Engineer,"Transformers,Prompt Design,ChatGPT,Research,API Integration",4,Bachelor,Technology,Seattle
Prompt Engineer,"Transformers,LangChain,API Integration,Machine Learning,NLP,ChatGPT,Research,Communication",4,Bachelor,Technology,Austin
Prompt Engineer,"ChatGPT,NLP,Communication,Machine Learning,LangChain,Python,API Integration,Research,Prompt Design",3,Bachelor,Technology,Los Angeles
Prompt Engineer,"Python,API Integration,Transformers,NLP,ChatGPT,Communication,Machine Learning",3,Bachelor,Technology,Los Angeles
Prompt Engineer,"LangChain,Python,NLP,Prompt Design,ChatGPT,Research,Machine Learning,Communication,Transformers",2,Bachelor,Technology,Remote
Prompt Engineer,"Transformers,Research,ChatGPT,Python,NLP,Communication,Machine Learning,LangChain,Prompt Design",4,Bachelor,Technology,Chicago
Prompt Engineer,"Python,API Integration,Research,NLP,LangChain",5,Bachelor,Technology,Chennai
Prompt Engineer,"Python,ChatGPT,Transformers,Machine Learning,Research,NLP,Communication,Prompt Design",2,Bachelor,Technology,Chicago
Prompt Engineer,"ChatGPT,Machine Learning,Communication,LangChain,API Integration,Python,Prompt Design,NLP",5,Bachelor,Technology,San Francisco
Prompt Engineer,"Transformers,ChatGPT,Prompt Design,API Integration,Research",1,Bachelor,Technology,Austin
Prompt Engineer,"Prompt Design,Python,Communication,LangChain,Machine Learning,Research,ChatGPT",2,Bachelor,Technology,Bangalore
Prompt Engineer,"Machine Learning,Prompt Design,API Integration,LangChain,ChatGPT,Research",5,Bachelor,Technology,Gurgaon
Prompt Engineer,"Research,Prompt Design,Python,Transformers,API Integration",4,Bachelor,Technology,Delhi
Prompt Engineer,"Research,Python,ChatGPT,LangChain,Prompt Design,Communication,NLP,Transformers",4,Bachelor,Technology,Noida
Prompt Engineer,"LangChain,Machine Learning,Prompt Design,Communication,Research,Python,Transformers,NLP,ChatGPT,API Integration",3,Bachelor,Technology,Hyderabad
Prompt Engineer,"NLP,LangChain,Research,Python,Communication,ChatGPT",3,Bachelor,Technology,San Francisco
Prompt Engineer,"ChatGPT,Research,Python,NLP,Prompt Design,LangChain,Transformers,Machine Learning,API Integration",1,Bachelor,Technology,Noida
Prompt Engineer,"NLP,Transformers,Machine Learning,Communication,Python",3,Bachelor,Technology,Bangalore
Prompt Engineer,"Prompt Design,API Integration,Machine Learning,Communication,LangChain",4,Bachelor,Technology,Chennai
Prompt Engineer,"NLP,Research,Python,API Integration,Transformers,ChatGPT,Communication,Prompt Design,LangChain,Machine Learning",6,Bachelor,Technology,New York
Prompt Engineer,"ChatGPT,NLP,Communication,Research,Transformers",0,Bachelor,Technology,Kolkata
Prompt Engineer,"Communication,Prompt Design,ChatGPT,API Integration,Python,Machine Learning,Transformers,Research",2,Bachelor,Technology,Coimbatore
Prompt Engineer,"Python,NLP,API Integration,Prompt Design,Research,Transformers,Communication,LangChain,ChatGPT,Machine Learning",5,Bachelor,Technology,Chennai
Prompt Engineer,"Python,NLP,Research,Communication,Prompt Design,API Integration,Transformers,ChatGPT,LangChain,Machine Learning",6,Bachelor,Technology,Hyderabad
Prompt Engineer,"ChatGPT,LangChain,Prompt Design,Python,Machine Learning,NLP,Communication",1,Bachelor,Technology,Gurgaon
Prompt Engineer,"Prompt Design,LangChain,Research,Communication,NLP,Python",6,Bachelor,Technology,Hyderabad
Prompt Engineer,"ChatGPT,Transformers,Prompt Design,Research,Python,Machine Learning,NLP",3,Bachelor,Technology,Pune
Prompt Engineer,"Prompt Design,NLP,Python,Research,ChatGPT,LangChain,Machine Learning,Transformers",3,Bachelor,Technology,Atlanta
Prompt Engineer,"API Integration,Transformers,Prompt Design,ChatGPT,Python,Machine Learning",4,Bachelor,Technology,Remote
Prompt Engineer,"ChatGPT,Python,Transformers,LangChain,Communication,API Integration,NLP",4,Bachelor,Technology,Noida
Prompt Engineer,"Machine Learning,Prompt Design,Communication,Research,LangChain,ChatGPT",3,Bachelor,Technology,Kolkata
Prompt Engineer,"Prompt Design,Research,LangChain,Machine Learning,API Integration,ChatGPT,Transformers,NLP,Python",4,Bachelor,Technology,Boston
Prompt Engineer,"Machine Learning,ChatGPT,Prompt Design,Python,Transformers,Research,API Integration",1,Bachelor,Technology,Seattle
Prompt Engineer,"Python,Research,LangChain,Prompt Design,NLP,Transformers,Machine Learning,ChatGPT,API Integration",1,Bachelor,Technology,Denver
Prompt Engineer,"Transformers,API Integration,Machine Learning,LangChain,Research,NLP,ChatGPT",3,Bachelor,Technology,Kolkata
Prompt Engineer,"Python,Transformers,ChatGPT,NLP,Communication,Research,Machine Learning",5,Bachelor,Technology,Chicago
Prompt Engineer,"LangChain,Machine Learning,API Integration,Research,NLP,ChatGPT,Transformers",0,Bachelor,Technology,Kolkata
Prompt Engineer,"Research,NLP,LangChain,Communication,Machine Learning,ChatGPT,Transformers,API Integration",5,Bachelor,Technology,Denver
Prompt Engineer,"Transformers,LangChain,ChatGPT,Machine Learning,Research,Python,API Integration",6,Bachelor,Technology,Mumbai
Prompt Engineer,"Machine Learning,Prompt Design,ChatGPT,API Integration,Python",4,Bachelor,Technology,Kolkata
Prompt Engineer,"Python,NLP,API Integration,Research,Communication,Transformers,ChatGPT,Machine Learning,LangChain",2,Bachelor,Technology,Chicago
Prompt Engineer,"Python,ChatGPT,Communication,Prompt Design,NLP",2,Bachelor,Technology,Delhi
Prompt Engineer,"API Integration,ChatGPT,NLP,Python,Transformers,LangChain,Research,Communication,Machine Learning",6,Bachelor,Technology,Chennai
Prompt Engineer,"ChatGPT,Communication,Research,Prompt Design,Python,LangChain,NLP,Machine Learning,API Integration",6,Bachelor,Technology,Bangalore
Prompt Engineer,"ChatGPT,Prompt Design,Communication,Python,LangChain,Machine Learning,Research,API Integration,NLP",0,Bachelor,Technology,Noida
MLOps Engineer,"Machine Learning,Kubernetes,Airflow,Git,Monitoring,MLflow,Docker,CI/CD",4,Master,Technology,Delhi
MLOps Engineer,"CI/CD,AWS,Docker,Git,Python,Machine Learning,Airflow",0,Master,Technology,Atlanta
MLOps Engineer,"Python,CI/CD,Git,Machine Learning,AWS,Monitoring,Airflow",2,Master,Technology,Delhi
MLOps Engineer,"Machine Learning,Airflow,Kubernetes,Git,Docker",2,Master,Technology,Los Angeles
MLOps Engineer,"Airflow,Monitoring,Docker,CI/CD,MLflow,Python,Machine Learning",3,Master,Technology,Mumbai
MLOps Engineer,"Git,Machine Learning,Kubernetes,Airflow,Monitoring,Python,CI/CD,Docker,MLflow,AWS",5,Master,Technology,Coimbatore
MLOps Engineer,"Airflow,Monitoring,CI/CD,Git,AWS,Machine Learning,MLflow,Python,Kubernetes",6,Master,Technology,New York
MLOps Engineer,"Kubernetes,AWS,Monitoring,Python,Machine Learning",2,Master,Technology,Chicago
MLOps Engineer,"Docker,Git,Python,Airflow,MLflow,Machine Learning,CI/CD,Monitoring,AWS,Kubernetes",2,Master,Technology,Kolkata
MLOps Engineer,"CI/CD,Monitoring,Git,Kubernetes,Docker,Python,Machine Learning,AWS",3,Master,Technology,Los Angeles
MLOps Engineer,"MLflow,Python,CI/CD,Monitoring,Airflow,Machine Learning",0,Master,Technology,Remote
MLOps Engineer,"MLflow,Git,Docker,Monitoring,AWS",6,Master,Technology,San Francisco
MLOps Engineer,"Kubernetes,AWS,Python,Machine Learning,Git",5,Master,Technology,Seattle
MLOps Engineer,"MLflow,Python,Monitoring,Docker,AWS,Git,CI/CD",5,Master,Technology,Pune
MLOps Engineer,"Monitoring,Airflow,Git,Docker,Machine Learning,Kubernetes,Python,AWS,MLflow,CI/CD",2,Master,Technology,Remote
MLOps Engineer,"CI/CD,Airflow,Monitoring,Docker,MLflow,AWS,Machine Learning,Kubernetes",5,Master,Technology,Noida
MLOps Engineer,"AWS,Python,CI/CD,MLflow,Git,Docker,Monitoring,Machine Learning,Kubernetes",4,Master,Technology,Coimbatore
MLOps Engineer,"Docker,Kubernetes,Airflow,Machine Learning,Python,Monitoring,MLflow",3,Master,Technology,Denver
MLOps Engineer,"Docker,AWS,MLflow,Kubernetes,Monitoring,Python,Git,Machine Learning,CI/CD",3,Master,Technology,Denver
MLOps Engineer,"Git,Monitoring,Kubernetes,Airflow,Docker,MLflow",1,Master,Technology,Bangalore
MLOps Engineer,"CI/CD,Kubernetes,Monitoring,AWS,Python,Airflow",5,Master,Technology,Atlanta
MLOps Engineer,"Docker,CI/CD,AWS,Git,Machine Learning,MLflow,Python,Kubernetes",5,Master,Technology,Gurgaon
MLOps Engineer,"Git,CI/CD,Airflow,Machine Learning,Kubernetes,Python,AWS,MLflow,Docker",3,Master,Technology,Boston
MLOps Engineer,"Kubernetes,Machine Learning,Airflow,MLflow,Git",6,Master,Technology,Mumbai
MLOps Engineer,"Docker,Kubernetes,AWS,Monitoring,Machine Learning,CI/CD,MLflow,Git",4,Master,Technology,Remote
MLOps Engineer,"AWS,Kubernetes,Docker,Python,CI/CD,MLflow,Airflow,Machine Learning",6,Master,Technology,San Francisco
MLOps Engineer,"Docker,MLflow,Git,AWS,Airflow,Python,Machine Learning,CI/CD,Monitoring",0,Master,Technology,Seattle
MLOps Engineer,"AWS,Airflow,CI/CD,Machine Learning,Python,Monitoring",2,Master,Technology,Kolkata
MLOps Engineer,"CI/CD,Python,Monitoring,Docker,Kubernetes,Git,MLflow",2,Master,Technology,Denver
MLOps Engineer,"CI/CD,Python,AWS,Monitoring,Airflow,Docker,Machine Learning,MLflow",4,Master,Technology,Mumbai
MLOps Engineer,"MLflow,Docker,Machine Learning,Kubernetes,Airflow,CI/CD,Git,Python,Monitoring",4,Master,Technology,Los Angeles
MLOps Engineer,"CI/CD,Docker,Monitoring,MLflow,Python,Airflow",4,Master,Technology,Boston
MLOps Engineer,"Airflow,Kubernetes,Python,CI/CD,MLflow,Docker,Git,AWS",1,Master,Technology,Delhi
MLOps Engineer,"CI/CD,Machine Learning,Git,AWS,Docker,Airflow",1,Master,Technology,Atlanta
MLOps Engineer,"Python,Machine Learning,Kubernetes,Git,Airflow,MLflow",2,Master,Technology,Chicago
MLOps Engineer,"Machine Learning,Docker,Python,Airflow,MLflow,AWS,Kubernetes",3,Master,Technology,Austin
MLOps Engineer,"AWS,CI/CD,Monitoring,MLflow,Docker,Kubernetes,Airflow,Python,Machine Learning,Git",3,Master,Technology,Austin
MLOps Engineer,"AWS,Python,Docker,Machine Learning,Airflow,Git,Kubernetes,MLflow",5,Master,Technology,New York
MLOps Engineer,"Airflow,CI/CD,Python,MLflow,Monitoring,Git,Kubernetes,Docker",5,Master,Technology,Seattle
MLOps Engineer,"Kubernetes,Docker,Git,CI/CD,Monitoring,Python,MLflow,Airflow",6,Master,Technology,Pune
MLOps Engineer,"CI/CD,Monitoring,Docker,Python,Git,MLflow,Kubernetes,Airflow",6,Master,Technology,Boston
MLOps Engineer,"CI/CD,Python,Kubernetes,AWS,Airflow,Docker,Git,MLflow,Machine Learning,Monitoring",5,Master,Technology,Hyderabad
MLOps Engineer,"Git,Monitoring,AWS,Docker,CI/CD,Machine Learning",2,Master,Technology,Bangalore
MLOps Engineer,"Git,CI/CD,AWS,Kubernetes,Docker,Machine Learning",1,Master,Technology,Delhi
MLOps Engineer,"Machine Learning,Docker,Monitoring,Python,CI/CD,Airflow,AWS,Git,MLflow",5,Master,Technology,Boston
MLOps Engineer,"Kubernetes,MLflow,AWS,Python,CI/CD,Git,Machine Learning,Docker,Monitoring,Airflow",5,Master,Technology,Mumbai
MLOps Engineer,"Git,CI/CD,MLflow,Monitoring,AWS,Python,Machine Learning,Kubernetes",0,Master,Technology,Bangalore
MLOps Engineer,"Monitoring,Kubernetes,AWS,CI/CD,Git,MLflow,Airflow,Python,Machine Learning,Docker",4,Master,Technology,New York
MLOps Engineer,"MLflow,AWS,Kubernetes,Machine Learning,Docker,Airflow,CI/CD",3,Master,Technology,Pune
MLOps Engineer,"MLflow,Machine Learning,Docker,Monitoring,Kubernetes,Git,CI/CD,Python,AWS,Airflow",1,Master,Technology,Chennai
MLOps Engineer,"Git,Python,Monitoring,MLflow,Kubernetes,Machine Learning,AWS,CI/CD,Airflow,Docker",5,Master,Technology,Pune
MLOps Engineer,"Docker,AWS,Airflow,Monitoring,MLflow",0,Master,Technology,Bangalore
MLOps Engineer,"Monitoring,CI/CD,Git,Airflow,MLflow,AWS,Python,Machine Learning,Kubernetes",6,Master,Technology,Atlanta
MLOps Engineer,"MLflow,Monitoring,Git,Machine Learning,CI/CD",4,Master,Technology,Atlanta
MLOps Engineer,"Machine Learning,Docker,Kubernetes,AWS,Git,Monitoring",5,Master,Technology,Kolkata
MLOps Engineer,"AWS,MLflow,Machine Learning,Monitoring,Airflow,Docker,Kubernetes,CI/CD,Git,Python",3,Master,Technology,Delhi
MLOps Engineer,"Monitoring,Python,MLflow,Airflow,AWS,Docker,Machine Learning,CI/CD,Git",1,Master,Technology,Remote
MLOps Engineer,"Airflow,Kubernetes,Git,Python,Docker,Monitoring,AWS,Machine Learning,CI/CD,MLflow",6,Master,Technology,Boston
MLOps Engineer,"CI/CD,MLflow,Git,Python,Docker,Monitoring,AWS,Airflow,Kubernetes,Machine Learning",5,Master,Technology,Atlanta
MLOps Engineer,"Python,MLflow,Machine Learning,Monitoring,Kubernetes,CI/CD,Airflow,Docker",3,Master,Technology,Los Angeles
MLOps Engineer,"CI/CD,Git,Monitoring,AWS,Python",6,Master,Technology,Bangalore
MLOps Engineer,"Python,Machine Learning,Kubernetes,Airflow,CI/CD",6,Master,Technology,Bangalore
MLOps Engineer,"Airflow,Monitoring,Python,AWS,Git,Machine Learning",6,Master,Technology,Boston
MLOps Engineer,"Machine Learning,MLflow,AWS,Git,Monitoring,Python,Docker,Kubernetes,Airflow",1,Master,Technology,Remote
MLOps Engineer,"AWS,Docker,Machine Learning,Git,CI/CD,Monitoring,Kubernetes,Airflow,Python",1,Master,Technology,Seattle
MLOps Engineer,"Docker,Monitoring,Airflow,Machine Learning,Git",1,Master,Technology,Noida
MLOps Engineer,"AWS,Python,Airflow,Docker,CI/CD,Kubernetes,Git,Machine Learning,MLflow",5,Master,Technology,Chicago
MLOps Engineer,"Airflow,MLflow,Monitoring,Git,AWS,Machine Learning,Docker",2,Master,Technology,Chicago
MLOps Engineer,"CI/CD,Airflow,MLflow,Git,Python,Monitoring,Kubernetes,Docker,Machine Learning",0,Master,Technology,Hyderabad
MLOps Engineer,"Docker,Airflow,Kubernetes,Monitoring,MLflow",2,Master,Technology,Coimbatore
MLOps Engineer,"Machine Learning,Kubernetes,Git,Docker,AWS",4,Master,Technology,Chennai
MLOps Engineer,"Monitoring,Airflow,Docker,Python,MLflow",5,Master,Technology,Chicago
